image_name,cluster
COVID.png,1
COVID_10.png,1
COVID_100.png,1
COVID_1000.png,1
COVID_1001.png,1
COVID_1002.png,1
COVID_1003.png,1
COVID_1004.png,1
COVID_1005.png,1
COVID_1006.png,1
COVID_1007.png,1
COVID_1008.png,1
COVID_1009.png,1
COVID_101.png,1
COVID_1010.png,1
COVID_1011.png,1
COVID_1012.png,1
COVID_1013.png,1
COVID_1014.png,1
COVID_1015.png,1
COVID_1016.png,1
COVID_1017.png,1
COVID_1018.png,1
COVID_1019.png,1
COVID_102.png,1
COVID_1020.png,1
COVID_1021.png,1
COVID_1022.png,1
COVID_1023.png,1
COVID_1024.png,1
COVID_1025.png,1
COVID_1026.png,1
COVID_1027.png,1
COVID_1028.png,1
COVID_1029.png,1
COVID_103.png,1
COVID_1030.png,1
COVID_1031.png,1
COVID_1032.png,1
COVID_1033.png,1
COVID_1034.png,1
COVID_1035.png,1
COVID_1036.png,1
COVID_1037.png,1
COVID_1038.png,1
COVID_1039.png,1
COVID_104.png,1
COVID_1040.png,1
COVID_1041.png,1
COVID_1042.png,1
COVID_1043.png,1
COVID_1044.png,1
COVID_1045.png,1
COVID_1046.png,1
COVID_1047.png,1
COVID_1048.png,1
COVID_1049.png,1
COVID_105.png,1
COVID_1050.png,1
COVID_1051.png,1
COVID_1052.png,1
COVID_1053.png,1
COVID_1054.png,2
COVID_1055.png,1
COVID_1056.png,1
COVID_1057.png,1
COVID_1058.png,1
COVID_1059.png,1
COVID_106.png,1
COVID_1060.png,1
COVID_1061.png,1
COVID_1062.png,1
COVID_1063.png,1
COVID_1064.png,1
COVID_1065.png,1
COVID_1066.png,1
COVID_1067.png,1
COVID_1068.png,1
COVID_1069.png,1
COVID_107.png,1
COVID_1070.png,1
COVID_1071.png,1
COVID_1072.png,1
COVID_1073.png,0
COVID_1074.png,1
COVID_1075.png,1
COVID_1076.png,1
COVID_1077.png,1
COVID_1078.png,1
COVID_1079.png,1
COVID_108.png,1
COVID_1080.png,1
COVID_1081.png,1
COVID_1082.png,1
COVID_1083.png,1
COVID_1084.png,1
COVID_1085.png,1
COVID_1086.png,1
COVID_1087.png,1
COVID_1088.png,1
COVID_1089.png,1
COVID_109.png,1
COVID_1090.png,1
COVID_1091.png,1
COVID_1092.png,1
COVID_1093.png,1
COVID_1094.png,1
COVID_1095.png,2
COVID_1096.png,1
COVID_1097.png,1
COVID_1098.png,1
COVID_1099.png,1
COVID_11.png,1
COVID_110.png,1
COVID_1100.png,1
COVID_1101.png,1
COVID_1102.png,1
COVID_1103.png,1
COVID_1104.png,1
COVID_1105.png,1
COVID_1106.png,1
COVID_1107.png,1
COVID_1108.png,1
COVID_1109.png,1
COVID_111.png,1
COVID_1110.png,1
COVID_1111.png,1
COVID_1112.png,1
COVID_1113.png,1
COVID_1114.png,1
COVID_1115.png,1
COVID_1116.png,1
COVID_1117.png,1
COVID_1118.png,1
COVID_1119.png,1
COVID_112.png,1
COVID_1120.png,1
COVID_1121.png,1
COVID_1122.png,1
COVID_1123.png,1
COVID_1124.png,1
COVID_1125.png,1
COVID_1126.png,1
COVID_1127.png,1
COVID_1128.png,1
COVID_1129.png,1
COVID_113.png,2
COVID_1130.png,1
COVID_1131.png,1
COVID_1132.png,1
COVID_1133.png,1
COVID_1134.png,1
COVID_1135.png,1
COVID_1136.png,1
COVID_1137.png,1
COVID_1138.png,1
COVID_1139.png,1
COVID_114.png,1
COVID_1140.png,1
COVID_1141.png,1
COVID_1142.png,1
COVID_1143.png,1
COVID_1144.png,1
COVID_1145.png,1
COVID_1146.png,1
COVID_1147.png,1
COVID_1148.png,1
COVID_1149.png,1
COVID_115.png,1
COVID_1150.png,1
COVID_1151.png,1
COVID_1152.png,1
COVID_1153.png,1
COVID_1154.png,1
COVID_1155.png,1
COVID_1156.png,1
COVID_1157.png,1
COVID_1158.png,1
COVID_1159.png,1
COVID_116.png,1
COVID_1160.png,1
COVID_1161.png,1
COVID_1162.png,1
COVID_1163.png,1
COVID_1164.png,1
COVID_1165.png,1
COVID_1166.png,1
COVID_1167.png,1
COVID_1168.png,1
COVID_1169.png,1
COVID_117.png,1
COVID_1170.png,1
COVID_1171.png,1
COVID_1172.png,1
COVID_1173.png,2
COVID_1174.png,1
COVID_1175.png,1
COVID_1176.png,1
COVID_1177.png,1
COVID_1178.png,1
COVID_1179.png,1
COVID_118.png,1
COVID_1180.png,1
COVID_1181.png,2
COVID_1182.png,1
COVID_1183.png,1
COVID_1184.png,1
COVID_1185.png,1
COVID_1186.png,1
COVID_1187.png,1
COVID_1188.png,1
COVID_1189.png,1
COVID_119.png,1
COVID_1190.png,1
COVID_1191.png,1
COVID_1192.png,1
COVID_1193.png,1
COVID_1194.png,1
COVID_1195.png,1
COVID_1196.png,1
COVID_1197.png,1
COVID_1198.png,1
COVID_1199.png,1
COVID_12.png,1
COVID_120.png,2
COVID_1200.png,1
COVID_1201.png,1
COVID_1202.png,1
COVID_1203.png,1
COVID_1204.png,1
COVID_1205.png,1
COVID_1206.png,1
COVID_1207.png,1
COVID_1208.png,1
COVID_1209.png,1
COVID_121.png,1
COVID_1210.png,1
COVID_1211.png,1
COVID_1212.png,1
COVID_1213.png,1
COVID_1214.png,1
COVID_1215.png,1
COVID_1216.png,1
COVID_1217.png,1
COVID_1218.png,1
COVID_1219.png,1
COVID_122.png,1
COVID_1220.png,1
COVID_1221.png,1
COVID_1222.png,1
COVID_1223.png,1
COVID_1224.png,1
COVID_1225.png,1
COVID_1226.png,1
COVID_1227.png,1
COVID_1228.png,1
COVID_1229.png,1
COVID_123.png,1
COVID_1230.png,1
COVID_1231.png,1
COVID_1232.png,1
COVID_1233.png,1
COVID_1234.png,1
COVID_1235.png,1
COVID_1236.png,1
COVID_1237.png,1
COVID_1238.png,1
COVID_1239.png,1
COVID_124.png,1
COVID_1240.png,1
COVID_1241.png,1
COVID_1242.png,1
COVID_1243.png,1
COVID_1244.png,1
COVID_1245.png,1
COVID_1246.png,1
COVID_1247.png,1
COVID_1248.png,1
COVID_1249.png,1
COVID_125.png,1
COVID_1250.png,1
COVID_1251.png,1
COVID_1252.png,1
COVID_1253.png,1
COVID_1254.png,1
COVID_1255.png,1
COVID_1256.png,1
COVID_1257.png,1
COVID_1258.png,1
COVID_1259.png,2
COVID_126.png,1
COVID_1260.png,1
COVID_1261.png,1
COVID_1262.png,1
COVID_1263.png,1
COVID_1264.png,1
COVID_1265.png,0
COVID_1266.png,1
COVID_1267.png,1
COVID_1268.png,1
COVID_1269.png,1
COVID_127.png,1
COVID_1270.png,1
COVID_1271.png,2
COVID_1272.png,1
COVID_1273.png,1
COVID_1274.png,1
COVID_1275.png,1
COVID_1276.png,1
COVID_1277.png,1
COVID_1278.png,1
COVID_1279.png,1
COVID_128.png,1
COVID_1280.png,1
COVID_1281.png,2
COVID_1282.png,1
COVID_1283.png,1
COVID_1284.png,1
COVID_1285.png,1
COVID_1286.png,1
COVID_1287.png,1
COVID_1288.png,1
COVID_1289.png,1
COVID_129.png,1
COVID_1290.png,0
COVID_1291.png,1
COVID_1292.png,1
COVID_1293.png,1
COVID_1294.png,1
COVID_1295.png,1
COVID_1296.png,1
COVID_1297.png,1
COVID_1298.png,1
COVID_1299.png,1
COVID_13.png,1
COVID_130.png,1
COVID_1300.png,1
COVID_1301.png,1
COVID_1302.png,1
COVID_1303.png,1
COVID_1304.png,1
COVID_1305.png,1
COVID_1306.png,1
COVID_1307.png,1
COVID_1308.png,1
COVID_1309.png,1
COVID_131.png,1
COVID_1310.png,1
COVID_1311.png,1
COVID_1312.png,1
COVID_1313.png,1
COVID_1314.png,1
COVID_1315.png,1
COVID_1316.png,1
COVID_1317.png,1
COVID_1318.png,1
COVID_1319.png,1
COVID_132.png,1
COVID_1320.png,1
COVID_1321.png,1
COVID_1322.png,1
COVID_1323.png,1
COVID_1324.png,1
COVID_1325.png,1
COVID_1326.png,1
COVID_1327.png,1
COVID_1328.png,1
COVID_1329.png,1
COVID_133.png,1
COVID_1330.png,1
COVID_1331.png,1
COVID_1332.png,1
COVID_1333.png,1
COVID_1334.png,1
COVID_1335.png,1
COVID_1336.png,1
COVID_1337.png,1
COVID_1338.png,1
COVID_1339.png,1
COVID_134.png,1
COVID_1340.png,1
COVID_1341.png,1
COVID_1342.png,1
COVID_1343.png,1
COVID_1344.png,1
COVID_1345.png,1
COVID_1346.png,1
COVID_1347.png,1
COVID_1348.png,1
COVID_1349.png,1
COVID_135.png,1
COVID_1350.png,1
COVID_1351.png,1
COVID_1352.png,1
COVID_1353.png,1
COVID_1354.png,1
COVID_1355.png,1
COVID_1356.png,1
COVID_1357.png,1
COVID_1358.png,1
COVID_1359.png,1
COVID_136.png,1
COVID_1360.png,1
COVID_1361.png,1
COVID_1362.png,1
COVID_1363.png,1
COVID_1364.png,1
COVID_1365.png,1
COVID_1366.png,1
COVID_1367.png,1
COVID_1368.png,1
COVID_1369.png,1
COVID_137.png,1
COVID_1370.png,1
COVID_1371.png,1
COVID_1372.png,1
COVID_1373.png,1
COVID_1374.png,1
COVID_1375.png,1
COVID_1376.png,1
COVID_1377.png,1
COVID_1378.png,1
COVID_1379.png,1
COVID_138.png,1
COVID_1380.png,1
COVID_1381.png,1
COVID_1382.png,1
COVID_1383.png,1
COVID_1384.png,1
COVID_1385.png,1
COVID_1386.png,1
COVID_1387.png,1
COVID_1388.png,1
COVID_1389.png,1
COVID_139.png,1
COVID_1390.png,1
COVID_1391.png,1
COVID_1392.png,1
COVID_1393.png,1
COVID_1394.png,1
COVID_1395.png,1
COVID_1396.png,1
COVID_1397.png,1
COVID_1398.png,1
COVID_1399.png,1
COVID_14.png,1
COVID_140.png,1
COVID_1400.png,1
COVID_1401.png,1
COVID_1402.png,1
COVID_1403.png,1
COVID_1404.png,1
COVID_1405.png,1
COVID_1406.png,1
COVID_1407.png,1
COVID_1408.png,1
COVID_1409.png,1
COVID_141.png,1
COVID_1410.png,1
COVID_1411.png,1
COVID_1412.png,1
COVID_1413.png,1
COVID_1414.png,1
COVID_1415.png,1
COVID_1416.png,1
COVID_1417.png,1
COVID_1418.png,1
COVID_1419.png,1
COVID_142.png,1
COVID_1420.png,1
COVID_1421.png,1
COVID_1422.png,1
COVID_1423.png,1
COVID_1424.png,1
COVID_1425.png,1
COVID_1426.png,1
COVID_1427.png,1
COVID_1428.png,1
COVID_1429.png,1
COVID_143.png,1
COVID_1430.png,1
COVID_1431.png,2
COVID_1432.png,1
COVID_1433.png,1
COVID_1434.png,1
COVID_1435.png,1
COVID_1436.png,1
COVID_1437.png,1
COVID_1438.png,1
COVID_1439.png,1
COVID_144.png,1
COVID_1440.png,1
COVID_1441.png,1
COVID_1442.png,1
COVID_1443.png,1
COVID_1444.png,1
COVID_1445.png,1
COVID_1446.png,1
COVID_1447.png,1
COVID_1448.png,1
COVID_1449.png,1
COVID_145.png,1
COVID_1450.png,1
COVID_1451.png,1
COVID_1452.png,1
COVID_1453.png,1
COVID_1454.png,1
COVID_1455.png,1
COVID_1456.png,1
COVID_1457.png,1
COVID_1458.png,1
COVID_1459.png,1
COVID_146.png,1
COVID_1460.png,1
COVID_1461.png,1
COVID_1462.png,1
COVID_1463.png,1
COVID_1464.png,1
COVID_1465.png,1
COVID_1466.png,1
COVID_1467.png,1
COVID_1468.png,1
COVID_1469.png,1
COVID_147.png,1
COVID_1470.png,1
COVID_1471.png,1
COVID_1472.png,1
COVID_1473.png,1
COVID_1474.png,1
COVID_1475.png,1
COVID_1476.png,1
COVID_1477.png,1
COVID_1478.png,1
COVID_1479.png,1
COVID_148.png,1
COVID_1480.png,1
COVID_1481.png,1
COVID_1482.png,1
COVID_1483.png,1
COVID_1484.png,1
COVID_1485.png,1
COVID_1486.png,1
COVID_1487.png,1
COVID_1488.png,1
COVID_1489.png,1
COVID_149.png,1
COVID_1490.png,1
COVID_1491.png,1
COVID_1492.png,1
COVID_1493.png,1
COVID_1494.png,1
COVID_1495.png,1
COVID_1496.png,1
COVID_1497.png,1
COVID_1498.png,1
COVID_1499.png,1
COVID_15.png,1
COVID_150.png,1
COVID_1500.png,1
COVID_1501.png,1
COVID_1502.png,1
COVID_1503.png,1
COVID_1504.png,1
COVID_1505.png,1
COVID_1506.png,1
COVID_1507.png,1
COVID_1508.png,1
COVID_1509.png,2
COVID_151.png,1
COVID_1510.png,1
COVID_1511.png,1
COVID_1512.png,1
COVID_1513.png,1
COVID_1514.png,1
COVID_1515.png,1
COVID_1516.png,1
COVID_1517.png,1
COVID_1518.png,1
COVID_1519.png,1
COVID_152.png,1
COVID_1520.png,1
COVID_1521.png,1
COVID_1522.png,1
COVID_1523.png,1
COVID_1524.png,1
COVID_1525.png,1
COVID_1526.png,1
COVID_1527.png,1
COVID_1528.png,1
COVID_1529.png,1
COVID_153.png,1
COVID_1530.png,1
COVID_1531.png,1
COVID_1532.png,1
COVID_1533.png,1
COVID_1534.png,1
COVID_1535.png,1
COVID_1536.png,1
COVID_1537.png,1
COVID_1538.png,1
COVID_1539.png,1
COVID_154.png,1
COVID_1540.png,1
COVID_1541.png,1
COVID_1542.png,1
COVID_1543.png,1
COVID_1544.png,1
COVID_1545.png,1
COVID_1546.png,1
COVID_1547.png,1
COVID_1548.png,1
COVID_1549.png,1
COVID_155.png,1
COVID_1550.png,1
COVID_1551.png,1
COVID_1552.png,2
COVID_1553.png,0
COVID_1554.png,0
COVID_1555.png,1
COVID_1556.png,1
COVID_1557.png,1
COVID_1558.png,1
COVID_1559.png,1
COVID_156.png,1
COVID_1560.png,1
COVID_1561.png,1
COVID_1562.png,1
COVID_1563.png,1
COVID_1564.png,1
COVID_1565.png,1
COVID_1566.png,1
COVID_1567.png,1
COVID_1568.png,1
COVID_1569.png,1
COVID_157.png,1
COVID_1570.png,1
COVID_1571.png,1
COVID_1572.png,1
COVID_1573.png,1
COVID_1574.png,1
COVID_1575.png,1
COVID_1576.png,1
COVID_1577.png,1
COVID_1578.png,1
COVID_1579.png,1
COVID_158.png,1
COVID_1580.png,1
COVID_1581.png,1
COVID_1582.png,1
COVID_1583.png,1
COVID_1584.png,1
COVID_1585.png,1
COVID_1586.png,1
COVID_1587.png,1
COVID_1588.png,1
COVID_1589.png,1
COVID_159.png,1
COVID_1590.png,1
COVID_1591.png,1
COVID_1592.png,1
COVID_1593.png,1
COVID_1594.png,1
COVID_1595.png,1
COVID_1596.png,1
COVID_1597.png,1
COVID_1598.png,1
COVID_1599.png,1
COVID_16.png,1
COVID_160.png,1
COVID_1600.png,1
COVID_1601.png,1
COVID_1602.png,1
COVID_1603.png,1
COVID_1604.png,1
COVID_1605.png,1
COVID_1606.png,1
COVID_1607.png,1
COVID_1608.png,1
COVID_1609.png,1
COVID_161.png,1
COVID_1610.png,1
COVID_1611.png,1
COVID_1612.png,1
COVID_1613.png,2
COVID_1614.png,1
COVID_1615.png,1
COVID_1616.png,1
COVID_1617.png,1
COVID_1618.png,1
COVID_1619.png,1
COVID_162.png,1
COVID_1620.png,1
COVID_1621.png,1
COVID_1622.png,1
COVID_1623.png,1
COVID_1624.png,1
COVID_1625.png,1
COVID_1626.png,1
COVID_163.png,1
COVID_164.png,1
COVID_165.png,2
COVID_166.png,1
COVID_167.png,1
COVID_168.png,1
COVID_169.png,1
COVID_17.png,1
COVID_170.png,1
COVID_171.png,1
COVID_172.png,1
COVID_173.png,1
COVID_174.png,1
COVID_175.png,1
COVID_176.png,1
COVID_177.png,1
COVID_178.png,1
COVID_179.png,1
COVID_18.png,1
COVID_180.png,1
COVID_181.png,1
COVID_182.png,1
COVID_183.png,1
COVID_184.png,1
COVID_185.png,1
COVID_186.png,1
COVID_187.png,1
COVID_188.png,1
COVID_189.png,1
COVID_19.png,1
COVID_190.png,1
COVID_191.png,1
COVID_192.png,1
COVID_193.png,1
COVID_194.png,1
COVID_195.png,1
COVID_196.png,1
COVID_197.png,1
COVID_198.png,1
COVID_199.png,1
COVID_2.png,1
COVID_20.png,1
COVID_200.png,1
COVID_201.png,1
COVID_202.png,1
COVID_203.png,1
COVID_204.png,1
COVID_205.png,1
COVID_206.png,1
COVID_207.png,1
COVID_208.png,1
COVID_209.png,1
COVID_21.png,1
COVID_210.png,2
COVID_211.png,1
COVID_212.png,1
COVID_213.png,1
COVID_214.png,1
COVID_215.png,1
COVID_216.png,1
COVID_217.png,1
COVID_218.png,1
COVID_219.png,1
COVID_22.png,1
COVID_220.png,1
COVID_221.png,1
COVID_222.png,1
COVID_223.png,1
COVID_224.png,1
COVID_225.png,1
COVID_226.png,1
COVID_227.png,1
COVID_228.png,1
COVID_229.png,1
COVID_23.png,1
COVID_230.png,1
COVID_231.png,1
COVID_232.png,1
COVID_233.png,1
COVID_234.png,1
COVID_235.png,1
COVID_236.png,1
COVID_237.png,1
COVID_238.png,1
COVID_239.png,1
COVID_24.png,1
COVID_240.png,1
COVID_241.png,1
COVID_242.png,1
COVID_243.png,1
COVID_244.png,1
COVID_245.png,1
COVID_246.png,1
COVID_247.png,1
COVID_248.png,1
COVID_249.png,1
COVID_25.png,1
COVID_250.png,1
COVID_251.png,1
COVID_252.png,1
COVID_253.png,1
COVID_254.png,1
COVID_255.png,1
COVID_256.png,1
COVID_257.png,1
COVID_258.png,1
COVID_259.png,1
COVID_26.png,1
COVID_260.png,1
COVID_261.png,1
COVID_262.png,1
COVID_263.png,1
COVID_264.png,1
COVID_265.png,1
COVID_266.png,1
COVID_267.png,1
COVID_268.png,1
COVID_269.png,1
COVID_27.png,1
COVID_270.png,1
COVID_271.png,1
COVID_272.png,1
COVID_273.png,1
COVID_274.png,1
COVID_275.png,1
COVID_276.png,1
COVID_277.png,1
COVID_278.png,1
COVID_279.png,1
COVID_28.png,1
COVID_280.png,1
COVID_281.png,1
COVID_282.png,1
COVID_283.png,1
COVID_284.png,1
COVID_285.png,1
COVID_286.png,1
COVID_287.png,1
COVID_288.png,1
COVID_289.png,1
COVID_29.png,1
COVID_290.png,1
COVID_291.png,1
COVID_292.png,2
COVID_293.png,1
COVID_294.png,1
COVID_295.png,1
COVID_296.png,1
COVID_297.png,1
COVID_298.png,2
COVID_299.png,1
COVID_3.png,1
COVID_30.png,1
COVID_300.png,1
COVID_301.png,1
COVID_302.png,1
COVID_303.png,1
COVID_304.png,1
COVID_305.png,1
COVID_306.png,1
COVID_307.png,1
COVID_308.png,1
COVID_309.png,1
COVID_31.png,1
COVID_310.png,1
COVID_311.png,1
COVID_312.png,1
COVID_313.png,1
COVID_314.png,1
COVID_315.png,1
COVID_316.png,1
COVID_317.png,1
COVID_318.png,1
COVID_319.png,1
COVID_32.png,1
COVID_320.png,1
COVID_321.png,1
COVID_322.png,1
COVID_323.png,1
COVID_324.png,1
COVID_325.png,1
COVID_326.png,1
COVID_327.png,1
COVID_328.png,1
COVID_329.png,1
COVID_33.png,1
COVID_330.png,1
COVID_331.png,1
COVID_332.png,1
COVID_333.png,1
COVID_334.png,1
COVID_335.png,2
COVID_336.png,1
COVID_337.png,1
COVID_338.png,1
COVID_339.png,1
COVID_34.png,1
COVID_340.png,1
COVID_341.png,1
COVID_342.png,1
COVID_343.png,1
COVID_344.png,1
COVID_345.png,1
COVID_346.png,1
COVID_347.png,1
COVID_348.png,1
COVID_349.png,1
COVID_35.png,1
COVID_350.png,1
COVID_351.png,1
COVID_352.png,1
COVID_353.png,1
COVID_354.png,1
COVID_355.png,1
COVID_356.png,1
COVID_357.png,1
COVID_358.png,1
COVID_359.png,1
COVID_36.png,1
COVID_360.png,1
COVID_361.png,1
COVID_362.png,1
COVID_363.png,1
COVID_364.png,1
COVID_365.png,1
COVID_366.png,1
COVID_367.png,1
COVID_368.png,1
COVID_369.png,1
COVID_37.png,1
COVID_370.png,1
COVID_371.png,1
COVID_372.png,1
COVID_373.png,1
COVID_374.png,1
COVID_375.png,1
COVID_376.png,1
COVID_377.png,1
COVID_378.png,1
COVID_379.png,1
COVID_38.png,1
COVID_380.png,1
COVID_381.png,1
COVID_382.png,1
COVID_383.png,1
COVID_384.png,1
COVID_385.png,1
COVID_386.png,2
COVID_387.png,1
COVID_388.png,1
COVID_389.png,1
COVID_39.png,1
COVID_390.png,1
COVID_391.png,1
COVID_392.png,1
COVID_393.png,1
COVID_394.png,2
COVID_395.png,1
COVID_396.png,1
COVID_397.png,1
COVID_398.png,1
COVID_399.png,1
COVID_4.png,1
COVID_40.png,1
COVID_400.png,1
COVID_401.png,1
COVID_402.png,1
COVID_403.png,1
COVID_404.png,1
COVID_405.png,1
COVID_406.png,1
COVID_407.png,1
COVID_408.png,1
COVID_409.png,1
COVID_41.png,1
COVID_410.png,1
COVID_411.png,1
COVID_412.png,1
COVID_413.png,1
COVID_414.png,0
COVID_415.png,1
COVID_416.png,1
COVID_417.png,0
COVID_418.png,0
COVID_419.png,0
COVID_42.png,1
COVID_420.png,0
COVID_421.png,1
COVID_422.png,1
COVID_423.png,1
COVID_424.png,1
COVID_425.png,1
COVID_426.png,0
COVID_427.png,1
COVID_428.png,1
COVID_429.png,1
COVID_43.png,1
COVID_430.png,1
COVID_431.png,1
COVID_432.png,1
COVID_433.png,1
COVID_434.png,1
COVID_435.png,1
COVID_436.png,1
COVID_437.png,1
COVID_438.png,1
COVID_439.png,1
COVID_44.png,1
COVID_440.png,1
COVID_441.png,1
COVID_442.png,1
COVID_443.png,1
COVID_444.png,1
COVID_445.png,1
COVID_446.png,1
COVID_447.png,1
COVID_448.png,1
COVID_449.png,1
COVID_45.png,1
COVID_450.png,1
COVID_451.png,1
COVID_452.png,1
COVID_453.png,1
COVID_454.png,1
COVID_455.png,1
COVID_456.png,1
COVID_457.png,1
COVID_458.png,1
COVID_459.png,2
COVID_46.png,1
COVID_460.png,1
COVID_461.png,1
COVID_462.png,1
COVID_463.png,1
COVID_464.png,1
COVID_465.png,1
COVID_466.png,1
COVID_467.png,1
COVID_468.png,1
COVID_469.png,1
COVID_47.png,1
COVID_470.png,1
COVID_471.png,1
COVID_472.png,1
COVID_473.png,1
COVID_474.png,1
COVID_475.png,1
COVID_476.png,1
COVID_477.png,1
COVID_478.png,1
COVID_479.png,1
COVID_48.png,1
COVID_480.png,1
COVID_481.png,1
COVID_482.png,1
COVID_483.png,1
COVID_484.png,1
COVID_485.png,1
COVID_486.png,1
COVID_487.png,1
COVID_488.png,1
COVID_489.png,1
COVID_49.png,1
COVID_490.png,1
COVID_491.png,1
COVID_492.png,1
COVID_493.png,1
COVID_494.png,1
COVID_495.png,1
COVID_496.png,1
COVID_497.png,1
COVID_498.png,1
COVID_499.png,2
COVID_5.png,1
COVID_50.png,1
COVID_500.png,1
COVID_501.png,1
COVID_502.png,1
COVID_503.png,1
COVID_504.png,1
COVID_505.png,1
COVID_506.png,1
COVID_507.png,2
COVID_508.png,1
COVID_509.png,1
COVID_51.png,1
COVID_510.png,1
COVID_511.png,1
COVID_512.png,1
COVID_513.png,1
COVID_514.png,1
COVID_515.png,1
COVID_516.png,1
COVID_517.png,1
COVID_518.png,1
COVID_519.png,1
COVID_52.png,1
COVID_520.png,1
COVID_521.png,1
COVID_522.png,1
COVID_523.png,1
COVID_524.png,1
COVID_525.png,1
COVID_526.png,1
COVID_527.png,1
COVID_528.png,1
COVID_529.png,1
COVID_53.png,1
COVID_530.png,1
COVID_531.png,1
COVID_532.png,1
COVID_533.png,1
COVID_534.png,1
COVID_535.png,1
COVID_536.png,1
COVID_537.png,1
COVID_538.png,1
COVID_539.png,1
COVID_54.png,1
COVID_540.png,1
COVID_541.png,1
COVID_542.png,1
COVID_543.png,1
COVID_544.png,1
COVID_545.png,1
COVID_546.png,1
COVID_547.png,1
COVID_548.png,1
COVID_549.png,1
COVID_55.png,1
COVID_550.png,1
COVID_551.png,1
COVID_552.png,1
COVID_553.png,1
COVID_554.png,1
COVID_555.png,1
COVID_556.png,1
COVID_557.png,1
COVID_558.png,1
COVID_559.png,1
COVID_56.png,1
COVID_560.png,1
COVID_561.png,1
COVID_562.png,1
COVID_563.png,1
COVID_564.png,1
COVID_565.png,1
COVID_566.png,1
COVID_567.png,1
COVID_568.png,2
COVID_569.png,1
COVID_57.png,1
COVID_570.png,1
COVID_571.png,1
COVID_572.png,1
COVID_573.png,1
COVID_574.png,1
COVID_575.png,1
COVID_576.png,1
COVID_577.png,1
COVID_578.png,1
COVID_579.png,1
COVID_58.png,1
COVID_580.png,1
COVID_581.png,1
COVID_582.png,1
COVID_583.png,1
COVID_584.png,1
COVID_585.png,1
COVID_586.png,1
COVID_587.png,1
COVID_588.png,1
COVID_589.png,1
COVID_59.png,1
COVID_590.png,1
COVID_591.png,1
COVID_592.png,1
COVID_593.png,1
COVID_594.png,1
COVID_595.png,1
COVID_596.png,1
COVID_597.png,1
COVID_598.png,1
COVID_599.png,1
COVID_6.png,1
COVID_60.png,1
COVID_600.png,1
COVID_601.png,1
COVID_602.png,1
COVID_603.png,1
COVID_604.png,1
COVID_605.png,1
COVID_606.png,1
COVID_607.png,1
COVID_608.png,1
COVID_609.png,1
COVID_61.png,1
COVID_610.png,1
COVID_611.png,1
COVID_612.png,1
COVID_613.png,1
COVID_614.png,1
COVID_615.png,1
COVID_616.png,1
COVID_617.png,1
COVID_618.png,1
COVID_619.png,1
COVID_62.png,1
COVID_620.png,1
COVID_621.png,1
COVID_622.png,1
COVID_623.png,1
COVID_624.png,1
COVID_625.png,1
COVID_626.png,2
COVID_627.png,0
COVID_628.png,0
COVID_629.png,1
COVID_63.png,1
COVID_630.png,2
COVID_631.png,1
COVID_632.png,1
COVID_633.png,1
COVID_634.png,1
COVID_635.png,1
COVID_636.png,1
COVID_637.png,1
COVID_638.png,1
COVID_639.png,1
COVID_64.png,1
COVID_640.png,1
COVID_641.png,1
COVID_642.png,1
COVID_643.png,1
COVID_644.png,1
COVID_645.png,1
COVID_646.png,1
COVID_647.png,1
COVID_648.png,1
COVID_649.png,1
COVID_65.png,1
COVID_650.png,1
COVID_651.png,1
COVID_652.png,1
COVID_653.png,1
COVID_654.png,1
COVID_655.png,1
COVID_656.png,1
COVID_657.png,1
COVID_658.png,1
COVID_659.png,1
COVID_66.png,1
COVID_660.png,1
COVID_661.png,1
COVID_662.png,1
COVID_663.png,1
COVID_664.png,1
COVID_665.png,1
COVID_666.png,1
COVID_667.png,1
COVID_668.png,1
COVID_669.png,1
COVID_67.png,1
COVID_670.png,1
COVID_671.png,1
COVID_672.png,1
COVID_673.png,1
COVID_674.png,1
COVID_675.png,1
COVID_676.png,1
COVID_677.png,1
COVID_678.png,1
COVID_679.png,1
COVID_68.png,1
COVID_680.png,1
COVID_681.png,1
COVID_682.png,1
COVID_683.png,1
COVID_684.png,1
COVID_685.png,1
COVID_686.png,1
COVID_687.png,1
COVID_688.png,1
COVID_689.png,1
COVID_69.png,1
COVID_690.png,1
COVID_691.png,1
COVID_692.png,1
COVID_693.png,1
COVID_694.png,1
COVID_695.png,1
COVID_696.png,1
COVID_697.png,1
COVID_698.png,1
COVID_699.png,1
COVID_7.png,1
COVID_70.png,1
COVID_700.png,1
COVID_701.png,1
COVID_702.png,1
COVID_703.png,1
COVID_704.png,1
COVID_705.png,1
COVID_706.png,1
COVID_707.png,1
COVID_708.png,1
COVID_709.png,1
COVID_71.png,1
COVID_710.png,1
COVID_711.png,1
COVID_712.png,1
COVID_713.png,1
COVID_714.png,1
COVID_715.png,1
COVID_716.png,1
COVID_717.png,1
COVID_718.png,1
COVID_719.png,1
COVID_72.png,1
COVID_720.png,1
COVID_721.png,1
COVID_722.png,1
COVID_723.png,1
COVID_724.png,1
COVID_725.png,1
COVID_726.png,1
COVID_727.png,1
COVID_728.png,1
COVID_729.png,1
COVID_73.png,1
COVID_730.png,1
COVID_731.png,1
COVID_732.png,1
COVID_733.png,1
COVID_734.png,1
COVID_735.png,1
COVID_736.png,1
COVID_737.png,1
COVID_738.png,1
COVID_739.png,1
COVID_74.png,1
COVID_740.png,1
COVID_741.png,1
COVID_742.png,1
COVID_743.png,1
COVID_744.png,1
COVID_745.png,1
COVID_746.png,1
COVID_747.png,1
COVID_748.png,1
COVID_749.png,1
COVID_75.png,1
COVID_750.png,1
COVID_751.png,1
COVID_752.png,1
COVID_753.png,1
COVID_754.png,1
COVID_755.png,1
COVID_756.png,1
COVID_757.png,1
COVID_758.png,1
COVID_759.png,1
COVID_76.png,1
COVID_760.png,1
COVID_761.png,1
COVID_762.png,1
COVID_763.png,1
COVID_764.png,1
COVID_765.png,1
COVID_766.png,1
COVID_767.png,1
COVID_768.png,1
COVID_769.png,1
COVID_77.png,1
COVID_770.png,1
COVID_771.png,1
COVID_772.png,1
COVID_773.png,1
COVID_774.png,1
COVID_775.png,1
COVID_776.png,1
COVID_777.png,1
COVID_778.png,1
COVID_779.png,1
COVID_78.png,1
COVID_780.png,1
COVID_781.png,1
COVID_782.png,1
COVID_783.png,1
COVID_784.png,1
COVID_785.png,1
COVID_786.png,1
COVID_787.png,1
COVID_788.png,1
COVID_789.png,1
COVID_79.png,1
COVID_790.png,1
COVID_791.png,1
COVID_792.png,1
COVID_793.png,1
COVID_794.png,1
COVID_795.png,1
COVID_796.png,1
COVID_797.png,1
COVID_798.png,1
COVID_799.png,1
COVID_8.png,1
COVID_80.png,1
COVID_800.png,0
COVID_801.png,1
COVID_802.png,0
COVID_803.png,2
COVID_804.png,1
COVID_805.png,1
COVID_806.png,1
COVID_807.png,1
COVID_808.png,1
COVID_809.png,1
COVID_81.png,1
COVID_810.png,1
COVID_811.png,1
COVID_812.png,1
COVID_813.png,1
COVID_814.png,1
COVID_815.png,1
COVID_816.png,1
COVID_817.png,1
COVID_818.png,1
COVID_819.png,1
COVID_82.png,1
COVID_820.png,1
COVID_821.png,1
COVID_822.png,1
COVID_823.png,1
COVID_824.png,1
COVID_825.png,1
COVID_826.png,1
COVID_827.png,1
COVID_828.png,1
COVID_829.png,1
COVID_83.png,1
COVID_830.png,1
COVID_831.png,1
COVID_832.png,1
COVID_833.png,1
COVID_834.png,1
COVID_835.png,1
COVID_836.png,1
COVID_837.png,1
COVID_838.png,1
COVID_839.png,1
COVID_84.png,1
COVID_840.png,1
COVID_841.png,1
COVID_842.png,1
COVID_843.png,1
COVID_844.png,1
COVID_845.png,1
COVID_846.png,1
COVID_847.png,1
COVID_848.png,1
COVID_849.png,1
COVID_85.png,1
COVID_850.png,1
COVID_851.png,1
COVID_852.png,1
COVID_853.png,1
COVID_854.png,1
COVID_855.png,1
COVID_856.png,1
COVID_857.png,1
COVID_858.png,1
COVID_859.png,1
COVID_86.png,2
COVID_860.png,1
COVID_861.png,1
COVID_862.png,1
COVID_863.png,1
COVID_864.png,1
COVID_865.png,1
COVID_866.png,1
COVID_867.png,1
COVID_868.png,1
COVID_869.png,1
COVID_87.png,1
COVID_870.png,1
COVID_871.png,1
COVID_872.png,1
COVID_873.png,1
COVID_874.png,1
COVID_875.png,1
COVID_876.png,1
COVID_877.png,1
COVID_878.png,1
COVID_879.png,1
COVID_88.png,1
COVID_880.png,1
COVID_881.png,1
COVID_882.png,1
COVID_883.png,1
COVID_884.png,1
COVID_885.png,1
COVID_886.png,1
COVID_887.png,1
COVID_888.png,1
COVID_889.png,1
COVID_89.png,1
COVID_890.png,1
COVID_891.png,1
COVID_892.png,1
COVID_893.png,1
COVID_894.png,1
COVID_895.png,1
COVID_896.png,1
COVID_897.png,1
COVID_898.png,1
COVID_899.png,1
COVID_9.png,1
COVID_90.png,1
COVID_900.png,1
COVID_901.png,1
COVID_902.png,1
COVID_903.png,1
COVID_904.png,1
COVID_905.png,1
COVID_906.png,1
COVID_907.png,1
COVID_908.png,1
COVID_909.png,1
COVID_91.png,1
COVID_910.png,1
COVID_911.png,1
COVID_912.png,1
COVID_913.png,1
COVID_914.png,1
COVID_915.png,1
COVID_916.png,1
COVID_917.png,1
COVID_918.png,1
COVID_919.png,1
COVID_92.png,1
COVID_920.png,1
COVID_921.png,1
COVID_922.png,1
COVID_923.png,1
COVID_924.png,1
COVID_925.png,1
COVID_926.png,1
COVID_927.png,1
COVID_928.png,0
COVID_929.png,1
COVID_93.png,1
COVID_930.png,1
COVID_931.png,1
COVID_932.png,1
COVID_933.png,1
COVID_934.png,2
COVID_935.png,1
COVID_936.png,1
COVID_937.png,1
COVID_938.png,1
COVID_939.png,2
COVID_94.png,1
COVID_940.png,1
COVID_941.png,1
COVID_942.png,1
COVID_943.png,1
COVID_944.png,1
COVID_945.png,1
COVID_946.png,1
COVID_947.png,1
COVID_948.png,1
COVID_949.png,1
COVID_95.png,1
COVID_950.png,1
COVID_951.png,1
COVID_952.png,1
COVID_953.png,1
COVID_954.png,1
COVID_955.png,1
COVID_956.png,1
COVID_957.png,1
COVID_958.png,1
COVID_959.png,1
COVID_96.png,1
COVID_960.png,1
COVID_961.png,1
COVID_962.png,1
COVID_963.png,1
COVID_964.png,1
COVID_965.png,1
COVID_966.png,1
COVID_967.png,1
COVID_968.png,2
COVID_969.png,1
COVID_97.png,1
COVID_970.png,2
COVID_971.png,1
COVID_972.png,1
COVID_973.png,1
COVID_974.png,1
COVID_975.png,1
COVID_976.png,1
COVID_977.png,1
COVID_978.png,1
COVID_979.png,1
COVID_98.png,1
COVID_980.png,1
COVID_981.png,1
COVID_982.png,1
COVID_983.png,1
COVID_984.png,2
COVID_985.png,1
COVID_986.png,1
COVID_987.png,1
COVID_988.png,1
COVID_989.png,1
COVID_99.png,1
COVID_990.png,1
COVID_991.png,1
COVID_992.png,1
COVID_993.png,1
COVID_994.png,1
COVID_995.png,1
COVID_996.png,1
COVID_997.png,1
COVID_998.png,1
COVID_999.png,1
NORMAL.png,1
NORMAL_10.png,2
NORMAL_100.png,0
NORMAL_1000.png,2
NORMAL_1001.png,0
NORMAL_1002.png,0
NORMAL_1003.png,0
NORMAL_1004.png,0
NORMAL_1005.png,0
NORMAL_1006.png,2
NORMAL_1007.png,0
NORMAL_1008.png,0
NORMAL_1009.png,0
NORMAL_101.png,0
NORMAL_1010.png,0
NORMAL_1011.png,0
NORMAL_1012.png,0
NORMAL_1013.png,0
NORMAL_1014.png,0
NORMAL_1015.png,2
NORMAL_1016.png,0
NORMAL_1017.png,0
NORMAL_1018.png,2
NORMAL_1019.png,0
NORMAL_102.png,0
NORMAL_1020.png,0
NORMAL_1021.png,0
NORMAL_1022.png,0
NORMAL_1023.png,0
NORMAL_1024.png,0
NORMAL_1025.png,0
NORMAL_1026.png,0
NORMAL_1027.png,0
NORMAL_1028.png,0
NORMAL_1029.png,2
NORMAL_103.png,0
NORMAL_1030.png,0
NORMAL_1031.png,0
NORMAL_1032.png,0
NORMAL_1033.png,0
NORMAL_1034.png,0
NORMAL_1035.png,0
NORMAL_1036.png,0
NORMAL_1037.png,0
NORMAL_1038.png,0
NORMAL_1039.png,0
NORMAL_104.png,0
NORMAL_1040.png,0
NORMAL_1041.png,0
NORMAL_1042.png,2
NORMAL_1043.png,2
NORMAL_1044.png,0
NORMAL_1045.png,0
NORMAL_1046.png,0
NORMAL_1047.png,0
NORMAL_1048.png,0
NORMAL_1049.png,0
NORMAL_105.png,0
NORMAL_1050.png,0
NORMAL_1051.png,2
NORMAL_1052.png,0
NORMAL_1053.png,0
NORMAL_1054.png,0
NORMAL_1055.png,0
NORMAL_1056.png,0
NORMAL_1057.png,0
NORMAL_1058.png,0
NORMAL_1059.png,0
NORMAL_106.png,0
NORMAL_1060.png,0
NORMAL_1061.png,0
NORMAL_1062.png,0
NORMAL_1063.png,0
NORMAL_1064.png,0
NORMAL_1065.png,0
NORMAL_1066.png,0
NORMAL_1067.png,2
NORMAL_1068.png,0
NORMAL_1069.png,0
NORMAL_107.png,0
NORMAL_1070.png,0
NORMAL_1071.png,2
NORMAL_1072.png,2
NORMAL_1073.png,0
NORMAL_1074.png,0
NORMAL_1075.png,0
NORMAL_1076.png,0
NORMAL_1077.png,0
NORMAL_1078.png,0
NORMAL_1079.png,0
NORMAL_108.png,0
NORMAL_1080.png,1
NORMAL_1081.png,0
NORMAL_1082.png,0
NORMAL_1083.png,2
NORMAL_1084.png,0
NORMAL_1085.png,0
NORMAL_1086.png,0
NORMAL_1087.png,0
NORMAL_1088.png,0
NORMAL_1089.png,0
NORMAL_109.png,0
NORMAL_1090.png,2
NORMAL_1091.png,0
NORMAL_1092.png,0
NORMAL_1093.png,0
NORMAL_1094.png,0
NORMAL_1095.png,0
NORMAL_1096.png,0
NORMAL_1097.png,2
NORMAL_1098.png,0
NORMAL_1099.png,0
NORMAL_11.png,2
NORMAL_110.png,0
NORMAL_1100.png,0
NORMAL_1101.png,0
NORMAL_1102.png,0
NORMAL_1103.png,2
NORMAL_1104.png,0
NORMAL_1105.png,0
NORMAL_1106.png,0
NORMAL_1107.png,0
NORMAL_1108.png,0
NORMAL_1109.png,0
NORMAL_111.png,0
NORMAL_1110.png,0
NORMAL_1111.png,0
NORMAL_1112.png,0
NORMAL_1113.png,0
NORMAL_1114.png,2
NORMAL_1115.png,0
NORMAL_1116.png,1
NORMAL_1117.png,0
NORMAL_1118.png,0
NORMAL_1119.png,0
NORMAL_112.png,0
NORMAL_1120.png,0
NORMAL_1121.png,0
NORMAL_1122.png,0
NORMAL_1123.png,0
NORMAL_1124.png,0
NORMAL_1125.png,0
NORMAL_1126.png,0
NORMAL_1127.png,0
NORMAL_1128.png,2
NORMAL_1129.png,0
NORMAL_113.png,0
NORMAL_1130.png,0
NORMAL_1131.png,0
NORMAL_1132.png,0
NORMAL_1133.png,0
NORMAL_1134.png,0
NORMAL_1135.png,0
NORMAL_1136.png,0
NORMAL_1137.png,0
NORMAL_1138.png,0
NORMAL_1139.png,0
NORMAL_114.png,0
NORMAL_1140.png,0
NORMAL_1141.png,0
NORMAL_1142.png,0
NORMAL_1143.png,0
NORMAL_1144.png,0
NORMAL_1145.png,0
NORMAL_1146.png,0
NORMAL_1147.png,0
NORMAL_1148.png,0
NORMAL_1149.png,0
NORMAL_115.png,0
NORMAL_1150.png,0
NORMAL_1151.png,0
NORMAL_1152.png,0
NORMAL_1153.png,0
NORMAL_1154.png,0
NORMAL_1155.png,0
NORMAL_1156.png,0
NORMAL_1157.png,2
NORMAL_1158.png,0
NORMAL_1159.png,0
NORMAL_116.png,0
NORMAL_1160.png,0
NORMAL_1161.png,0
NORMAL_1162.png,2
NORMAL_1163.png,0
NORMAL_1164.png,0
NORMAL_1165.png,0
NORMAL_1166.png,0
NORMAL_1167.png,0
NORMAL_1168.png,0
NORMAL_1169.png,0
NORMAL_117.png,0
NORMAL_1170.png,0
NORMAL_1171.png,0
NORMAL_1172.png,0
NORMAL_1173.png,0
NORMAL_1174.png,0
NORMAL_1175.png,0
NORMAL_1176.png,2
NORMAL_1177.png,0
NORMAL_1178.png,0
NORMAL_1179.png,0
NORMAL_118.png,0
NORMAL_1180.png,0
NORMAL_1181.png,0
NORMAL_1182.png,2
NORMAL_1183.png,0
NORMAL_1184.png,0
NORMAL_1185.png,0
NORMAL_1186.png,0
NORMAL_1187.png,0
NORMAL_1188.png,0
NORMAL_1189.png,0
NORMAL_119.png,0
NORMAL_1190.png,0
NORMAL_1191.png,0
NORMAL_1192.png,2
NORMAL_1193.png,0
NORMAL_1194.png,0
NORMAL_1195.png,0
NORMAL_1196.png,0
NORMAL_1197.png,0
NORMAL_1198.png,0
NORMAL_1199.png,0
NORMAL_12.png,0
NORMAL_120.png,0
NORMAL_1200.png,0
NORMAL_1201.png,0
NORMAL_1202.png,0
NORMAL_1203.png,2
NORMAL_1204.png,0
NORMAL_1205.png,2
NORMAL_1206.png,0
NORMAL_1207.png,0
NORMAL_1208.png,0
NORMAL_1209.png,0
NORMAL_121.png,0
NORMAL_1210.png,2
NORMAL_1211.png,0
NORMAL_1212.png,0
NORMAL_1213.png,2
NORMAL_1214.png,0
NORMAL_1215.png,2
NORMAL_1216.png,2
NORMAL_1217.png,2
NORMAL_1218.png,2
NORMAL_1219.png,2
NORMAL_122.png,0
NORMAL_1220.png,0
NORMAL_1221.png,0
NORMAL_1222.png,0
NORMAL_1223.png,0
NORMAL_1224.png,0
NORMAL_1225.png,0
NORMAL_1226.png,0
NORMAL_1227.png,0
NORMAL_1228.png,0
NORMAL_1229.png,0
NORMAL_123.png,0
NORMAL_1230.png,0
NORMAL_1231.png,0
NORMAL_1232.png,0
NORMAL_1233.png,0
NORMAL_1234.png,0
NORMAL_1235.png,0
NORMAL_1236.png,0
NORMAL_1237.png,2
NORMAL_1238.png,0
NORMAL_1239.png,0
NORMAL_124.png,0
NORMAL_1240.png,0
NORMAL_1241.png,0
NORMAL_1242.png,0
NORMAL_1243.png,0
NORMAL_1244.png,2
NORMAL_1245.png,2
NORMAL_1246.png,0
NORMAL_1247.png,0
NORMAL_1248.png,0
NORMAL_1249.png,0
NORMAL_125.png,0
NORMAL_1250.png,0
NORMAL_1251.png,0
NORMAL_1252.png,0
NORMAL_1253.png,0
NORMAL_1254.png,0
NORMAL_1255.png,2
NORMAL_1256.png,0
NORMAL_1257.png,0
NORMAL_1258.png,0
NORMAL_1259.png,0
NORMAL_126.png,0
NORMAL_1260.png,0
NORMAL_1261.png,0
NORMAL_1262.png,0
NORMAL_1263.png,0
NORMAL_1264.png,0
NORMAL_1265.png,0
NORMAL_1266.png,0
NORMAL_1267.png,0
NORMAL_1268.png,0
NORMAL_1269.png,0
NORMAL_127.png,0
NORMAL_1270.png,0
NORMAL_1271.png,0
NORMAL_1272.png,0
NORMAL_1273.png,0
NORMAL_1274.png,0
NORMAL_1275.png,0
NORMAL_1276.png,0
NORMAL_1277.png,0
NORMAL_1278.png,0
NORMAL_1279.png,0
NORMAL_128.png,0
NORMAL_1280.png,2
NORMAL_1281.png,0
NORMAL_1282.png,0
NORMAL_1283.png,0
NORMAL_1284.png,0
NORMAL_1285.png,0
NORMAL_1286.png,0
NORMAL_1287.png,0
NORMAL_1288.png,0
NORMAL_1289.png,0
NORMAL_129.png,0
NORMAL_1290.png,0
NORMAL_1291.png,2
NORMAL_1292.png,0
NORMAL_1293.png,0
NORMAL_1294.png,0
NORMAL_1295.png,0
NORMAL_1296.png,2
NORMAL_1297.png,0
NORMAL_1298.png,0
NORMAL_1299.png,0
NORMAL_13.png,2
NORMAL_130.png,0
NORMAL_1300.png,0
NORMAL_1301.png,0
NORMAL_1302.png,2
NORMAL_1303.png,0
NORMAL_1304.png,0
NORMAL_1305.png,0
NORMAL_1306.png,0
NORMAL_1307.png,0
NORMAL_1308.png,0
NORMAL_1309.png,0
NORMAL_131.png,0
NORMAL_1310.png,0
NORMAL_1311.png,0
NORMAL_1312.png,0
NORMAL_1313.png,0
NORMAL_1314.png,0
NORMAL_1315.png,2
NORMAL_1316.png,0
NORMAL_1317.png,0
NORMAL_1318.png,0
NORMAL_1319.png,0
NORMAL_132.png,0
NORMAL_1320.png,0
NORMAL_1321.png,0
NORMAL_1322.png,0
NORMAL_1323.png,0
NORMAL_1324.png,0
NORMAL_1325.png,0
NORMAL_1326.png,0
NORMAL_1327.png,0
NORMAL_1328.png,0
NORMAL_1329.png,0
NORMAL_133.png,0
NORMAL_1330.png,0
NORMAL_1331.png,0
NORMAL_1332.png,2
NORMAL_1333.png,0
NORMAL_1334.png,2
NORMAL_1335.png,0
NORMAL_1336.png,0
NORMAL_1337.png,0
NORMAL_1338.png,0
NORMAL_1339.png,0
NORMAL_134.png,0
NORMAL_1340.png,0
NORMAL_1341.png,0
NORMAL_1342.png,0
NORMAL_1343.png,0
NORMAL_1344.png,0
NORMAL_1345.png,0
NORMAL_1346.png,0
NORMAL_1347.png,0
NORMAL_1348.png,0
NORMAL_1349.png,0
NORMAL_135.png,0
NORMAL_1350.png,0
NORMAL_1351.png,0
NORMAL_1352.png,0
NORMAL_1353.png,0
NORMAL_1354.png,0
NORMAL_1355.png,0
NORMAL_1356.png,2
NORMAL_1357.png,2
NORMAL_1358.png,0
NORMAL_1359.png,0
NORMAL_136.png,0
NORMAL_1360.png,0
NORMAL_1361.png,2
NORMAL_1362.png,2
NORMAL_1363.png,0
NORMAL_1364.png,0
NORMAL_1365.png,0
NORMAL_1366.png,0
NORMAL_1367.png,0
NORMAL_1368.png,2
NORMAL_1369.png,0
NORMAL_137.png,0
NORMAL_1370.png,0
NORMAL_1371.png,0
NORMAL_1372.png,0
NORMAL_1373.png,0
NORMAL_1374.png,0
NORMAL_1375.png,0
NORMAL_1376.png,0
NORMAL_1377.png,2
NORMAL_1378.png,0
NORMAL_1379.png,0
NORMAL_138.png,0
NORMAL_1380.png,0
NORMAL_1381.png,2
NORMAL_1382.png,2
NORMAL_1383.png,0
NORMAL_1384.png,0
NORMAL_1385.png,0
NORMAL_1386.png,0
NORMAL_1387.png,0
NORMAL_1388.png,0
NORMAL_1389.png,0
NORMAL_139.png,0
NORMAL_1390.png,0
NORMAL_1391.png,0
NORMAL_1392.png,0
NORMAL_1393.png,0
NORMAL_1394.png,0
NORMAL_1395.png,0
NORMAL_1396.png,0
NORMAL_1397.png,0
NORMAL_1398.png,0
NORMAL_1399.png,0
NORMAL_14.png,2
NORMAL_140.png,0
NORMAL_1400.png,0
NORMAL_1401.png,0
NORMAL_1402.png,0
NORMAL_1403.png,0
NORMAL_1404.png,0
NORMAL_1405.png,0
NORMAL_1406.png,0
NORMAL_1407.png,2
NORMAL_1408.png,0
NORMAL_1409.png,0
NORMAL_141.png,0
NORMAL_1410.png,0
NORMAL_1411.png,0
NORMAL_1412.png,0
NORMAL_1413.png,0
NORMAL_1414.png,0
NORMAL_1415.png,0
NORMAL_1416.png,0
NORMAL_1417.png,0
NORMAL_1418.png,0
NORMAL_1419.png,0
NORMAL_142.png,0
NORMAL_1420.png,0
NORMAL_1421.png,0
NORMAL_1422.png,0
NORMAL_1423.png,0
NORMAL_1424.png,0
NORMAL_1425.png,0
NORMAL_1426.png,2
NORMAL_1427.png,0
NORMAL_1428.png,0
NORMAL_1429.png,0
NORMAL_143.png,0
NORMAL_1430.png,0
NORMAL_1431.png,0
NORMAL_1432.png,0
NORMAL_1433.png,0
NORMAL_1434.png,0
NORMAL_1435.png,0
NORMAL_1436.png,0
NORMAL_1437.png,0
NORMAL_1438.png,0
NORMAL_1439.png,0
NORMAL_144.png,0
NORMAL_1440.png,0
NORMAL_1441.png,0
NORMAL_1442.png,0
NORMAL_1443.png,0
NORMAL_1444.png,2
NORMAL_1445.png,2
NORMAL_1446.png,0
NORMAL_1447.png,2
NORMAL_1448.png,2
NORMAL_1449.png,2
NORMAL_145.png,0
NORMAL_1450.png,0
NORMAL_1451.png,2
NORMAL_1452.png,2
NORMAL_1453.png,2
NORMAL_1454.png,2
NORMAL_1455.png,2
NORMAL_1456.png,2
NORMAL_1457.png,2
NORMAL_1458.png,2
NORMAL_1459.png,0
NORMAL_146.png,0
NORMAL_1460.png,2
NORMAL_1461.png,2
NORMAL_1462.png,2
NORMAL_1463.png,2
NORMAL_1464.png,0
NORMAL_1465.png,0
NORMAL_1466.png,2
NORMAL_1467.png,0
NORMAL_1468.png,0
NORMAL_1469.png,0
NORMAL_147.png,0
NORMAL_1470.png,2
NORMAL_1471.png,2
NORMAL_1472.png,0
NORMAL_1473.png,2
NORMAL_1474.png,2
NORMAL_1475.png,0
NORMAL_1476.png,1
NORMAL_1477.png,2
NORMAL_1478.png,0
NORMAL_1479.png,2
NORMAL_148.png,0
NORMAL_1480.png,2
NORMAL_1481.png,1
NORMAL_1482.png,2
NORMAL_1483.png,1
NORMAL_1484.png,1
NORMAL_1485.png,1
NORMAL_1486.png,2
NORMAL_1487.png,2
NORMAL_1488.png,2
NORMAL_1489.png,1
NORMAL_149.png,0
NORMAL_1490.png,2
NORMAL_1491.png,0
NORMAL_1492.png,2
NORMAL_1493.png,2
NORMAL_1494.png,2
NORMAL_1495.png,2
NORMAL_1496.png,1
NORMAL_1497.png,2
NORMAL_1498.png,2
NORMAL_1499.png,0
NORMAL_15.png,2
NORMAL_150.png,0
NORMAL_1500.png,2
NORMAL_1501.png,0
NORMAL_1502.png,1
NORMAL_1503.png,0
NORMAL_1504.png,2
NORMAL_1505.png,0
NORMAL_1506.png,0
NORMAL_1507.png,0
NORMAL_1508.png,0
NORMAL_1509.png,2
NORMAL_151.png,0
NORMAL_1510.png,0
NORMAL_1511.png,2
NORMAL_1512.png,0
NORMAL_1513.png,2
NORMAL_1514.png,2
NORMAL_1515.png,2
NORMAL_1516.png,0
NORMAL_1517.png,0
NORMAL_1518.png,0
NORMAL_1519.png,2
NORMAL_152.png,0
NORMAL_1520.png,1
NORMAL_1521.png,0
NORMAL_1522.png,0
NORMAL_1523.png,2
NORMAL_1524.png,2
NORMAL_1525.png,2
NORMAL_1526.png,0
NORMAL_1527.png,0
NORMAL_1528.png,0
NORMAL_1529.png,0
NORMAL_153.png,0
NORMAL_1530.png,2
NORMAL_1531.png,0
NORMAL_1532.png,0
NORMAL_1533.png,0
NORMAL_1534.png,2
NORMAL_1535.png,2
NORMAL_1536.png,2
NORMAL_1537.png,2
NORMAL_1538.png,0
NORMAL_1539.png,0
NORMAL_154.png,0
NORMAL_1540.png,0
NORMAL_1541.png,0
NORMAL_1542.png,0
NORMAL_1543.png,0
NORMAL_1544.png,0
NORMAL_1545.png,0
NORMAL_1546.png,0
NORMAL_1547.png,0
NORMAL_1548.png,0
NORMAL_1549.png,0
NORMAL_155.png,2
NORMAL_1550.png,0
NORMAL_1551.png,0
NORMAL_1552.png,0
NORMAL_1553.png,0
NORMAL_1554.png,0
NORMAL_1555.png,0
NORMAL_1556.png,0
NORMAL_1557.png,0
NORMAL_1558.png,0
NORMAL_1559.png,0
NORMAL_156.png,0
NORMAL_1560.png,0
NORMAL_1561.png,0
NORMAL_1562.png,0
NORMAL_1563.png,0
NORMAL_1564.png,0
NORMAL_1565.png,0
NORMAL_1566.png,0
NORMAL_1567.png,2
NORMAL_1568.png,0
NORMAL_1569.png,2
NORMAL_157.png,2
NORMAL_1570.png,0
NORMAL_1571.png,0
NORMAL_1572.png,2
NORMAL_1573.png,0
NORMAL_1574.png,2
NORMAL_1575.png,0
NORMAL_1576.png,0
NORMAL_1577.png,0
NORMAL_1578.png,2
NORMAL_1579.png,0
NORMAL_158.png,0
NORMAL_1580.png,0
NORMAL_1581.png,0
NORMAL_1582.png,0
NORMAL_1583.png,0
NORMAL_1584.png,0
NORMAL_1585.png,0
NORMAL_1586.png,0
NORMAL_1587.png,0
NORMAL_1588.png,0
NORMAL_1589.png,0
NORMAL_159.png,0
NORMAL_1590.png,0
NORMAL_1591.png,0
NORMAL_1592.png,0
NORMAL_1593.png,0
NORMAL_1594.png,0
NORMAL_1595.png,0
NORMAL_1596.png,0
NORMAL_1597.png,0
NORMAL_1598.png,0
NORMAL_1599.png,0
NORMAL_16.png,2
NORMAL_160.png,2
NORMAL_1600.png,0
NORMAL_1601.png,0
NORMAL_1602.png,0
NORMAL_1603.png,0
NORMAL_1604.png,0
NORMAL_1605.png,0
NORMAL_1606.png,0
NORMAL_1607.png,0
NORMAL_1608.png,0
NORMAL_1609.png,0
NORMAL_161.png,0
NORMAL_1610.png,0
NORMAL_1611.png,0
NORMAL_1612.png,0
NORMAL_1613.png,0
NORMAL_1614.png,0
NORMAL_1615.png,0
NORMAL_1616.png,0
NORMAL_1617.png,0
NORMAL_1618.png,0
NORMAL_1619.png,0
NORMAL_162.png,2
NORMAL_1620.png,0
NORMAL_1621.png,0
NORMAL_1622.png,0
NORMAL_1623.png,0
NORMAL_1624.png,0
NORMAL_1625.png,0
NORMAL_1626.png,0
NORMAL_1627.png,0
NORMAL_1628.png,0
NORMAL_1629.png,0
NORMAL_163.png,0
NORMAL_1630.png,0
NORMAL_1631.png,0
NORMAL_1632.png,0
NORMAL_1633.png,0
NORMAL_1634.png,0
NORMAL_1635.png,0
NORMAL_1636.png,0
NORMAL_1637.png,0
NORMAL_1638.png,0
NORMAL_1639.png,0
NORMAL_164.png,0
NORMAL_1640.png,0
NORMAL_1641.png,0
NORMAL_1642.png,0
NORMAL_1643.png,0
NORMAL_1644.png,0
NORMAL_1645.png,0
NORMAL_1646.png,0
NORMAL_1647.png,0
NORMAL_1648.png,0
NORMAL_1649.png,0
NORMAL_165.png,0
NORMAL_1650.png,0
NORMAL_1651.png,0
NORMAL_1652.png,0
NORMAL_1653.png,0
NORMAL_1654.png,0
NORMAL_1655.png,0
NORMAL_1656.png,0
NORMAL_1657.png,0
NORMAL_1658.png,0
NORMAL_1659.png,0
NORMAL_166.png,2
NORMAL_1660.png,0
NORMAL_1661.png,0
NORMAL_1662.png,2
NORMAL_1663.png,0
NORMAL_1664.png,0
NORMAL_1665.png,0
NORMAL_1666.png,0
NORMAL_1667.png,0
NORMAL_1668.png,0
NORMAL_1669.png,0
NORMAL_167.png,0
NORMAL_1670.png,0
NORMAL_1671.png,0
NORMAL_1672.png,0
NORMAL_1673.png,0
NORMAL_1674.png,0
NORMAL_1675.png,0
NORMAL_1676.png,0
NORMAL_1677.png,0
NORMAL_1678.png,0
NORMAL_1679.png,0
NORMAL_168.png,0
NORMAL_1680.png,0
NORMAL_1681.png,0
NORMAL_1682.png,0
NORMAL_1683.png,0
NORMAL_1684.png,0
NORMAL_1685.png,0
NORMAL_1686.png,0
NORMAL_1687.png,0
NORMAL_1688.png,0
NORMAL_1689.png,0
NORMAL_169.png,0
NORMAL_1690.png,0
NORMAL_1691.png,0
NORMAL_1692.png,0
NORMAL_1693.png,0
NORMAL_1694.png,2
NORMAL_1695.png,0
NORMAL_1696.png,2
NORMAL_1697.png,0
NORMAL_1698.png,0
NORMAL_1699.png,2
NORMAL_17.png,2
NORMAL_170.png,0
NORMAL_1700.png,0
NORMAL_1701.png,2
NORMAL_1702.png,0
NORMAL_1703.png,0
NORMAL_1704.png,0
NORMAL_1705.png,2
NORMAL_1706.png,0
NORMAL_1707.png,0
NORMAL_1708.png,0
NORMAL_1709.png,0
NORMAL_171.png,0
NORMAL_1710.png,0
NORMAL_1711.png,0
NORMAL_1712.png,0
NORMAL_1713.png,0
NORMAL_1714.png,0
NORMAL_1715.png,0
NORMAL_1716.png,0
NORMAL_1717.png,0
NORMAL_1718.png,0
NORMAL_1719.png,0
NORMAL_172.png,0
NORMAL_1720.png,0
NORMAL_1721.png,0
NORMAL_1722.png,0
NORMAL_1723.png,0
NORMAL_1724.png,0
NORMAL_1725.png,0
NORMAL_1726.png,0
NORMAL_1727.png,0
NORMAL_1728.png,0
NORMAL_1729.png,0
NORMAL_173.png,0
NORMAL_1730.png,0
NORMAL_1731.png,0
NORMAL_1732.png,0
NORMAL_1733.png,0
NORMAL_1734.png,0
NORMAL_1735.png,0
NORMAL_1736.png,0
NORMAL_1737.png,0
NORMAL_1738.png,0
NORMAL_1739.png,0
NORMAL_174.png,0
NORMAL_1740.png,0
NORMAL_1741.png,0
NORMAL_1742.png,0
NORMAL_1743.png,0
NORMAL_1744.png,0
NORMAL_1745.png,0
NORMAL_1746.png,0
NORMAL_1747.png,0
NORMAL_1748.png,0
NORMAL_1749.png,0
NORMAL_175.png,0
NORMAL_1750.png,0
NORMAL_1751.png,0
NORMAL_1752.png,0
NORMAL_1753.png,0
NORMAL_1754.png,0
NORMAL_1755.png,0
NORMAL_1756.png,0
NORMAL_1757.png,0
NORMAL_1758.png,0
NORMAL_1759.png,0
NORMAL_176.png,0
NORMAL_1760.png,0
NORMAL_1761.png,0
NORMAL_1762.png,2
NORMAL_1763.png,0
NORMAL_1764.png,0
NORMAL_1765.png,0
NORMAL_1766.png,0
NORMAL_1767.png,0
NORMAL_1768.png,0
NORMAL_1769.png,0
NORMAL_177.png,0
NORMAL_1770.png,0
NORMAL_1771.png,2
NORMAL_1772.png,0
NORMAL_1773.png,0
NORMAL_1774.png,0
NORMAL_1775.png,0
NORMAL_1776.png,0
NORMAL_1777.png,0
NORMAL_1778.png,2
NORMAL_1779.png,0
NORMAL_178.png,0
NORMAL_1780.png,0
NORMAL_1781.png,0
NORMAL_1782.png,0
NORMAL_1783.png,0
NORMAL_1784.png,0
NORMAL_1785.png,0
NORMAL_1786.png,0
NORMAL_1787.png,0
NORMAL_1788.png,0
NORMAL_1789.png,0
NORMAL_179.png,0
NORMAL_1790.png,0
NORMAL_1791.png,0
NORMAL_1792.png,0
NORMAL_1793.png,0
NORMAL_1794.png,0
NORMAL_1795.png,0
NORMAL_1796.png,0
NORMAL_1797.png,2
NORMAL_1798.png,0
NORMAL_1799.png,0
NORMAL_18.png,1
NORMAL_180.png,0
NORMAL_1800.png,0
NORMAL_1801.png,0
NORMAL_1802.png,0
NORMAL_181.png,0
NORMAL_182.png,0
NORMAL_183.png,0
NORMAL_184.png,0
NORMAL_185.png,0
NORMAL_186.png,0
NORMAL_187.png,0
NORMAL_188.png,0
NORMAL_189.png,0
NORMAL_19.png,2
NORMAL_190.png,0
NORMAL_191.png,0
NORMAL_192.png,0
NORMAL_193.png,0
NORMAL_194.png,0
NORMAL_195.png,0
NORMAL_196.png,0
NORMAL_197.png,0
NORMAL_198.png,0
NORMAL_199.png,0
NORMAL_2.png,1
NORMAL_20.png,2
NORMAL_200.png,0
NORMAL_201.png,0
NORMAL_202.png,0
NORMAL_203.png,0
NORMAL_204.png,0
NORMAL_205.png,0
NORMAL_206.png,0
NORMAL_207.png,0
NORMAL_208.png,0
NORMAL_209.png,0
NORMAL_21.png,2
NORMAL_210.png,0
NORMAL_211.png,0
NORMAL_212.png,0
NORMAL_213.png,0
NORMAL_214.png,0
NORMAL_215.png,0
NORMAL_216.png,0
NORMAL_217.png,0
NORMAL_218.png,0
NORMAL_219.png,0
NORMAL_22.png,2
NORMAL_220.png,0
NORMAL_221.png,0
NORMAL_222.png,0
NORMAL_223.png,2
NORMAL_224.png,0
NORMAL_225.png,0
NORMAL_226.png,0
NORMAL_227.png,0
NORMAL_228.png,0
NORMAL_229.png,0
NORMAL_23.png,2
NORMAL_230.png,0
NORMAL_231.png,0
NORMAL_232.png,2
NORMAL_233.png,0
NORMAL_234.png,0
NORMAL_235.png,0
NORMAL_236.png,0
NORMAL_237.png,0
NORMAL_238.png,0
NORMAL_239.png,2
NORMAL_24.png,1
NORMAL_240.png,0
NORMAL_241.png,0
NORMAL_242.png,0
NORMAL_243.png,0
NORMAL_244.png,0
NORMAL_245.png,0
NORMAL_246.png,0
NORMAL_247.png,0
NORMAL_248.png,0
NORMAL_249.png,0
NORMAL_25.png,2
NORMAL_250.png,0
NORMAL_251.png,0
NORMAL_252.png,0
NORMAL_253.png,0
NORMAL_254.png,0
NORMAL_255.png,0
NORMAL_256.png,0
NORMAL_257.png,0
NORMAL_258.png,2
NORMAL_259.png,0
NORMAL_26.png,2
NORMAL_260.png,0
NORMAL_261.png,0
NORMAL_262.png,0
NORMAL_263.png,0
NORMAL_264.png,0
NORMAL_265.png,0
NORMAL_266.png,0
NORMAL_267.png,0
NORMAL_268.png,0
NORMAL_269.png,0
NORMAL_27.png,2
NORMAL_270.png,0
NORMAL_271.png,0
NORMAL_272.png,0
NORMAL_273.png,0
NORMAL_274.png,0
NORMAL_275.png,0
NORMAL_276.png,0
NORMAL_277.png,0
NORMAL_278.png,0
NORMAL_279.png,0
NORMAL_28.png,2
NORMAL_280.png,0
NORMAL_281.png,0
NORMAL_282.png,0
NORMAL_283.png,0
NORMAL_284.png,0
NORMAL_285.png,0
NORMAL_286.png,0
NORMAL_287.png,0
NORMAL_288.png,0
NORMAL_289.png,0
NORMAL_29.png,2
NORMAL_290.png,0
NORMAL_291.png,0
NORMAL_292.png,0
NORMAL_293.png,0
NORMAL_294.png,0
NORMAL_295.png,0
NORMAL_296.png,0
NORMAL_297.png,0
NORMAL_298.png,0
NORMAL_299.png,0
NORMAL_3.png,2
NORMAL_30.png,2
NORMAL_300.png,0
NORMAL_301.png,0
NORMAL_302.png,0
NORMAL_303.png,0
NORMAL_304.png,0
NORMAL_305.png,0
NORMAL_306.png,0
NORMAL_307.png,0
NORMAL_308.png,0
NORMAL_309.png,0
NORMAL_31.png,2
NORMAL_310.png,0
NORMAL_311.png,0
NORMAL_312.png,0
NORMAL_313.png,0
NORMAL_314.png,0
NORMAL_315.png,0
NORMAL_316.png,0
NORMAL_317.png,0
NORMAL_318.png,0
NORMAL_319.png,0
NORMAL_32.png,2
NORMAL_320.png,0
NORMAL_321.png,0
NORMAL_322.png,0
NORMAL_323.png,0
NORMAL_324.png,0
NORMAL_325.png,0
NORMAL_326.png,0
NORMAL_327.png,0
NORMAL_328.png,0
NORMAL_329.png,0
NORMAL_33.png,0
NORMAL_330.png,0
NORMAL_331.png,0
NORMAL_332.png,0
NORMAL_333.png,0
NORMAL_334.png,0
NORMAL_335.png,0
NORMAL_336.png,0
NORMAL_337.png,0
NORMAL_338.png,0
NORMAL_339.png,0
NORMAL_34.png,0
NORMAL_340.png,0
NORMAL_341.png,0
NORMAL_342.png,0
NORMAL_343.png,0
NORMAL_344.png,0
NORMAL_345.png,0
NORMAL_346.png,0
NORMAL_347.png,0
NORMAL_348.png,0
NORMAL_349.png,0
NORMAL_35.png,0
NORMAL_350.png,0
NORMAL_351.png,0
NORMAL_352.png,0
NORMAL_353.png,0
NORMAL_354.png,0
NORMAL_355.png,0
NORMAL_356.png,0
NORMAL_357.png,0
NORMAL_358.png,0
NORMAL_359.png,0
NORMAL_36.png,0
NORMAL_360.png,0
NORMAL_361.png,0
NORMAL_362.png,0
NORMAL_363.png,0
NORMAL_364.png,0
NORMAL_365.png,0
NORMAL_366.png,0
NORMAL_367.png,0
NORMAL_368.png,0
NORMAL_369.png,0
NORMAL_37.png,0
NORMAL_370.png,0
NORMAL_371.png,0
NORMAL_372.png,0
NORMAL_373.png,0
NORMAL_374.png,0
NORMAL_375.png,0
NORMAL_376.png,0
NORMAL_377.png,0
NORMAL_378.png,0
NORMAL_379.png,0
NORMAL_38.png,0
NORMAL_380.png,0
NORMAL_381.png,0
NORMAL_382.png,0
NORMAL_383.png,0
NORMAL_384.png,0
NORMAL_385.png,0
NORMAL_386.png,2
NORMAL_387.png,0
NORMAL_388.png,0
NORMAL_389.png,0
NORMAL_39.png,0
NORMAL_390.png,0
NORMAL_391.png,0
NORMAL_392.png,0
NORMAL_393.png,0
NORMAL_394.png,0
NORMAL_395.png,0
NORMAL_396.png,2
NORMAL_397.png,2
NORMAL_398.png,0
NORMAL_399.png,0
NORMAL_4.png,0
NORMAL_40.png,0
NORMAL_400.png,0
NORMAL_401.png,0
NORMAL_402.png,0
NORMAL_403.png,0
NORMAL_404.png,0
NORMAL_405.png,0
NORMAL_406.png,0
NORMAL_407.png,0
NORMAL_408.png,0
NORMAL_409.png,0
NORMAL_41.png,0
NORMAL_410.png,0
NORMAL_411.png,0
NORMAL_412.png,0
NORMAL_413.png,0
NORMAL_414.png,0
NORMAL_415.png,0
NORMAL_416.png,0
NORMAL_417.png,2
NORMAL_418.png,0
NORMAL_419.png,2
NORMAL_42.png,0
NORMAL_420.png,0
NORMAL_421.png,0
NORMAL_422.png,0
NORMAL_423.png,0
NORMAL_424.png,0
NORMAL_425.png,0
NORMAL_426.png,0
NORMAL_427.png,0
NORMAL_428.png,0
NORMAL_429.png,0
NORMAL_43.png,0
NORMAL_430.png,0
NORMAL_431.png,0
NORMAL_432.png,0
NORMAL_433.png,0
NORMAL_434.png,0
NORMAL_435.png,0
NORMAL_436.png,0
NORMAL_437.png,0
NORMAL_438.png,2
NORMAL_439.png,0
NORMAL_44.png,0
NORMAL_440.png,0
NORMAL_441.png,0
NORMAL_442.png,0
NORMAL_443.png,0
NORMAL_444.png,0
NORMAL_445.png,0
NORMAL_446.png,0
NORMAL_447.png,2
NORMAL_448.png,0
NORMAL_449.png,0
NORMAL_45.png,0
NORMAL_450.png,0
NORMAL_451.png,0
NORMAL_452.png,0
NORMAL_453.png,0
NORMAL_454.png,0
NORMAL_455.png,0
NORMAL_456.png,0
NORMAL_457.png,0
NORMAL_458.png,0
NORMAL_459.png,0
NORMAL_46.png,0
NORMAL_460.png,0
NORMAL_461.png,0
NORMAL_462.png,2
NORMAL_463.png,0
NORMAL_464.png,0
NORMAL_465.png,0
NORMAL_466.png,0
NORMAL_467.png,0
NORMAL_468.png,0
NORMAL_469.png,0
NORMAL_47.png,0
NORMAL_470.png,0
NORMAL_471.png,0
NORMAL_472.png,0
NORMAL_473.png,0
NORMAL_474.png,0
NORMAL_475.png,0
NORMAL_476.png,0
NORMAL_477.png,0
NORMAL_478.png,0
NORMAL_479.png,2
NORMAL_48.png,0
NORMAL_480.png,2
NORMAL_481.png,0
NORMAL_482.png,0
NORMAL_483.png,2
NORMAL_484.png,0
NORMAL_485.png,0
NORMAL_486.png,0
NORMAL_487.png,0
NORMAL_488.png,0
NORMAL_489.png,0
NORMAL_49.png,0
NORMAL_490.png,0
NORMAL_491.png,0
NORMAL_492.png,0
NORMAL_493.png,0
NORMAL_494.png,0
NORMAL_495.png,0
NORMAL_496.png,0
NORMAL_497.png,0
NORMAL_498.png,0
NORMAL_499.png,0
NORMAL_5.png,2
NORMAL_50.png,0
NORMAL_500.png,0
NORMAL_501.png,0
NORMAL_502.png,0
NORMAL_503.png,0
NORMAL_504.png,0
NORMAL_505.png,0
NORMAL_506.png,2
NORMAL_507.png,0
NORMAL_508.png,2
NORMAL_509.png,0
NORMAL_51.png,0
NORMAL_510.png,0
NORMAL_511.png,0
NORMAL_512.png,0
NORMAL_513.png,0
NORMAL_514.png,2
NORMAL_515.png,0
NORMAL_516.png,0
NORMAL_517.png,0
NORMAL_518.png,0
NORMAL_519.png,2
NORMAL_52.png,0
NORMAL_520.png,0
NORMAL_521.png,0
NORMAL_522.png,2
NORMAL_523.png,0
NORMAL_524.png,0
NORMAL_525.png,0
NORMAL_526.png,0
NORMAL_527.png,2
NORMAL_528.png,0
NORMAL_529.png,0
NORMAL_53.png,0
NORMAL_530.png,2
NORMAL_531.png,0
NORMAL_532.png,0
NORMAL_533.png,0
NORMAL_534.png,0
NORMAL_535.png,0
NORMAL_536.png,0
NORMAL_537.png,0
NORMAL_538.png,0
NORMAL_539.png,0
NORMAL_54.png,0
NORMAL_540.png,0
NORMAL_541.png,0
NORMAL_542.png,0
NORMAL_543.png,0
NORMAL_544.png,0
NORMAL_545.png,0
NORMAL_546.png,0
NORMAL_547.png,0
NORMAL_548.png,0
NORMAL_549.png,0
NORMAL_55.png,0
NORMAL_550.png,0
NORMAL_551.png,0
NORMAL_552.png,0
NORMAL_553.png,0
NORMAL_554.png,0
NORMAL_555.png,0
NORMAL_556.png,0
NORMAL_557.png,0
NORMAL_558.png,0
NORMAL_559.png,0
NORMAL_56.png,0
NORMAL_560.png,0
NORMAL_561.png,0
NORMAL_562.png,0
NORMAL_563.png,0
NORMAL_564.png,0
NORMAL_565.png,0
NORMAL_566.png,0
NORMAL_567.png,0
NORMAL_568.png,0
NORMAL_569.png,0
NORMAL_57.png,0
NORMAL_570.png,0
NORMAL_571.png,0
NORMAL_572.png,0
NORMAL_573.png,2
NORMAL_574.png,0
NORMAL_575.png,0
NORMAL_576.png,0
NORMAL_577.png,0
NORMAL_578.png,0
NORMAL_579.png,0
NORMAL_58.png,0
NORMAL_580.png,0
NORMAL_581.png,0
NORMAL_582.png,0
NORMAL_583.png,0
NORMAL_584.png,0
NORMAL_585.png,0
NORMAL_586.png,0
NORMAL_587.png,0
NORMAL_588.png,0
NORMAL_589.png,0
NORMAL_59.png,0
NORMAL_590.png,0
NORMAL_591.png,0
NORMAL_592.png,0
NORMAL_593.png,0
NORMAL_594.png,2
NORMAL_595.png,0
NORMAL_596.png,0
NORMAL_597.png,0
NORMAL_598.png,0
NORMAL_599.png,0
NORMAL_6.png,2
NORMAL_60.png,0
NORMAL_600.png,0
NORMAL_601.png,0
NORMAL_602.png,0
NORMAL_603.png,0
NORMAL_604.png,0
NORMAL_605.png,0
NORMAL_606.png,0
NORMAL_607.png,0
NORMAL_608.png,0
NORMAL_609.png,0
NORMAL_61.png,2
NORMAL_610.png,0
NORMAL_611.png,0
NORMAL_612.png,0
NORMAL_613.png,0
NORMAL_614.png,0
NORMAL_615.png,0
NORMAL_616.png,0
NORMAL_617.png,0
NORMAL_618.png,0
NORMAL_619.png,0
NORMAL_62.png,0
NORMAL_620.png,0
NORMAL_621.png,2
NORMAL_622.png,0
NORMAL_623.png,0
NORMAL_624.png,0
NORMAL_625.png,0
NORMAL_626.png,0
NORMAL_627.png,2
NORMAL_628.png,0
NORMAL_629.png,0
NORMAL_63.png,2
NORMAL_630.png,2
NORMAL_631.png,0
NORMAL_632.png,0
NORMAL_633.png,0
NORMAL_634.png,0
NORMAL_635.png,0
NORMAL_636.png,0
NORMAL_637.png,0
NORMAL_638.png,0
NORMAL_639.png,0
NORMAL_64.png,0
NORMAL_640.png,0
NORMAL_641.png,0
NORMAL_642.png,0
NORMAL_643.png,0
NORMAL_644.png,0
NORMAL_645.png,0
NORMAL_646.png,0
NORMAL_647.png,0
NORMAL_648.png,0
NORMAL_649.png,0
NORMAL_65.png,0
NORMAL_650.png,0
NORMAL_651.png,0
NORMAL_652.png,0
NORMAL_653.png,0
NORMAL_654.png,0
NORMAL_655.png,0
NORMAL_656.png,0
NORMAL_657.png,0
NORMAL_658.png,2
NORMAL_659.png,0
NORMAL_66.png,2
NORMAL_660.png,0
NORMAL_661.png,0
NORMAL_662.png,0
NORMAL_663.png,0
NORMAL_664.png,0
NORMAL_665.png,0
NORMAL_666.png,0
NORMAL_667.png,2
NORMAL_668.png,0
NORMAL_669.png,0
NORMAL_67.png,0
NORMAL_670.png,0
NORMAL_671.png,0
NORMAL_672.png,0
NORMAL_673.png,0
NORMAL_674.png,0
NORMAL_675.png,0
NORMAL_676.png,0
NORMAL_677.png,0
NORMAL_678.png,0
NORMAL_679.png,0
NORMAL_68.png,2
NORMAL_680.png,0
NORMAL_681.png,0
NORMAL_682.png,0
NORMAL_683.png,0
NORMAL_684.png,0
NORMAL_685.png,0
NORMAL_686.png,2
NORMAL_687.png,0
NORMAL_688.png,0
NORMAL_689.png,0
NORMAL_69.png,0
NORMAL_690.png,0
NORMAL_691.png,0
NORMAL_692.png,0
NORMAL_693.png,0
NORMAL_694.png,0
NORMAL_695.png,0
NORMAL_696.png,0
NORMAL_697.png,0
NORMAL_698.png,0
NORMAL_699.png,0
NORMAL_7.png,2
NORMAL_70.png,0
NORMAL_700.png,0
NORMAL_701.png,0
NORMAL_702.png,0
NORMAL_703.png,0
NORMAL_704.png,0
NORMAL_705.png,0
NORMAL_706.png,0
NORMAL_707.png,0
NORMAL_708.png,0
NORMAL_709.png,0
NORMAL_71.png,0
NORMAL_710.png,0
NORMAL_711.png,0
NORMAL_712.png,0
NORMAL_713.png,0
NORMAL_714.png,0
NORMAL_715.png,0
NORMAL_716.png,0
NORMAL_717.png,0
NORMAL_718.png,0
NORMAL_719.png,0
NORMAL_72.png,2
NORMAL_720.png,0
NORMAL_721.png,0
NORMAL_722.png,0
NORMAL_723.png,2
NORMAL_724.png,0
NORMAL_725.png,0
NORMAL_726.png,0
NORMAL_727.png,0
NORMAL_728.png,2
NORMAL_729.png,0
NORMAL_73.png,0
NORMAL_730.png,0
NORMAL_731.png,0
NORMAL_732.png,0
NORMAL_733.png,0
NORMAL_734.png,0
NORMAL_735.png,0
NORMAL_736.png,0
NORMAL_737.png,0
NORMAL_738.png,0
NORMAL_739.png,0
NORMAL_74.png,0
NORMAL_740.png,0
NORMAL_741.png,0
NORMAL_742.png,0
NORMAL_743.png,0
NORMAL_744.png,0
NORMAL_745.png,0
NORMAL_746.png,0
NORMAL_747.png,2
NORMAL_748.png,0
NORMAL_749.png,0
NORMAL_75.png,0
NORMAL_750.png,0
NORMAL_751.png,0
NORMAL_752.png,0
NORMAL_753.png,0
NORMAL_754.png,0
NORMAL_755.png,0
NORMAL_756.png,0
NORMAL_757.png,0
NORMAL_758.png,0
NORMAL_759.png,0
NORMAL_76.png,0
NORMAL_760.png,0
NORMAL_761.png,0
NORMAL_762.png,0
NORMAL_763.png,2
NORMAL_764.png,2
NORMAL_765.png,0
NORMAL_766.png,2
NORMAL_767.png,0
NORMAL_768.png,2
NORMAL_769.png,0
NORMAL_77.png,0
NORMAL_770.png,0
NORMAL_771.png,0
NORMAL_772.png,2
NORMAL_773.png,0
NORMAL_774.png,0
NORMAL_775.png,0
NORMAL_776.png,0
NORMAL_777.png,0
NORMAL_778.png,2
NORMAL_779.png,0
NORMAL_78.png,0
NORMAL_780.png,0
NORMAL_781.png,0
NORMAL_782.png,0
NORMAL_783.png,0
NORMAL_784.png,0
NORMAL_785.png,0
NORMAL_786.png,0
NORMAL_787.png,0
NORMAL_788.png,0
NORMAL_789.png,0
NORMAL_79.png,0
NORMAL_790.png,0
NORMAL_791.png,2
NORMAL_792.png,0
NORMAL_793.png,0
NORMAL_794.png,0
NORMAL_795.png,0
NORMAL_796.png,0
NORMAL_797.png,0
NORMAL_798.png,0
NORMAL_799.png,0
NORMAL_8.png,2
NORMAL_80.png,0
NORMAL_800.png,2
NORMAL_801.png,0
NORMAL_802.png,0
NORMAL_803.png,0
NORMAL_804.png,0
NORMAL_805.png,0
NORMAL_806.png,0
NORMAL_807.png,0
NORMAL_808.png,0
NORMAL_809.png,0
NORMAL_81.png,0
NORMAL_810.png,0
NORMAL_811.png,0
NORMAL_812.png,0
NORMAL_813.png,0
NORMAL_814.png,0
NORMAL_815.png,0
NORMAL_816.png,0
NORMAL_817.png,0
NORMAL_818.png,0
NORMAL_819.png,0
NORMAL_82.png,0
NORMAL_820.png,0
NORMAL_821.png,0
NORMAL_822.png,0
NORMAL_823.png,0
NORMAL_824.png,0
NORMAL_825.png,0
NORMAL_826.png,0
NORMAL_827.png,0
NORMAL_828.png,0
NORMAL_829.png,0
NORMAL_83.png,0
NORMAL_830.png,0
NORMAL_831.png,0
NORMAL_832.png,0
NORMAL_833.png,2
NORMAL_834.png,0
NORMAL_835.png,0
NORMAL_836.png,0
NORMAL_837.png,0
NORMAL_838.png,2
NORMAL_839.png,0
NORMAL_84.png,0
NORMAL_840.png,0
NORMAL_841.png,0
NORMAL_842.png,0
NORMAL_843.png,0
NORMAL_844.png,0
NORMAL_845.png,0
NORMAL_846.png,0
NORMAL_847.png,0
NORMAL_848.png,0
NORMAL_849.png,2
NORMAL_85.png,0
NORMAL_850.png,0
NORMAL_851.png,2
NORMAL_852.png,0
NORMAL_853.png,2
NORMAL_854.png,2
NORMAL_855.png,0
NORMAL_856.png,0
NORMAL_857.png,2
NORMAL_858.png,0
NORMAL_859.png,0
NORMAL_86.png,0
NORMAL_860.png,2
NORMAL_861.png,0
NORMAL_862.png,0
NORMAL_863.png,0
NORMAL_864.png,0
NORMAL_865.png,0
NORMAL_866.png,0
NORMAL_867.png,0
NORMAL_868.png,0
NORMAL_869.png,0
NORMAL_87.png,0
NORMAL_870.png,0
NORMAL_871.png,0
NORMAL_872.png,2
NORMAL_873.png,0
NORMAL_874.png,0
NORMAL_875.png,0
NORMAL_876.png,0
NORMAL_877.png,0
NORMAL_878.png,0
NORMAL_879.png,0
NORMAL_88.png,0
NORMAL_880.png,0
NORMAL_881.png,2
NORMAL_882.png,2
NORMAL_883.png,0
NORMAL_884.png,0
NORMAL_885.png,0
NORMAL_886.png,0
NORMAL_887.png,0
NORMAL_888.png,0
NORMAL_889.png,0
NORMAL_89.png,0
NORMAL_890.png,2
NORMAL_891.png,0
NORMAL_892.png,2
NORMAL_893.png,2
NORMAL_894.png,0
NORMAL_895.png,0
NORMAL_896.png,2
NORMAL_897.png,0
NORMAL_898.png,0
NORMAL_899.png,0
NORMAL_9.png,2
NORMAL_90.png,0
NORMAL_900.png,0
NORMAL_901.png,0
NORMAL_902.png,0
NORMAL_903.png,0
NORMAL_904.png,0
NORMAL_905.png,0
NORMAL_906.png,0
NORMAL_907.png,0
NORMAL_908.png,0
NORMAL_909.png,0
NORMAL_91.png,0
NORMAL_910.png,0
NORMAL_911.png,0
NORMAL_912.png,0
NORMAL_913.png,0
NORMAL_914.png,0
NORMAL_915.png,0
NORMAL_916.png,0
NORMAL_917.png,0
NORMAL_918.png,0
NORMAL_919.png,2
NORMAL_92.png,0
NORMAL_920.png,0
NORMAL_921.png,0
NORMAL_922.png,0
NORMAL_923.png,2
NORMAL_924.png,0
NORMAL_925.png,0
NORMAL_926.png,2
NORMAL_927.png,0
NORMAL_928.png,0
NORMAL_929.png,0
NORMAL_93.png,0
NORMAL_930.png,0
NORMAL_931.png,0
NORMAL_932.png,0
NORMAL_933.png,0
NORMAL_934.png,2
NORMAL_935.png,2
NORMAL_936.png,0
NORMAL_937.png,0
NORMAL_938.png,0
NORMAL_939.png,0
NORMAL_94.png,0
NORMAL_940.png,0
NORMAL_941.png,2
NORMAL_942.png,0
NORMAL_943.png,0
NORMAL_944.png,0
NORMAL_945.png,0
NORMAL_946.png,0
NORMAL_947.png,0
NORMAL_948.png,0
NORMAL_949.png,2
NORMAL_95.png,0
NORMAL_950.png,0
NORMAL_951.png,0
NORMAL_952.png,0
NORMAL_953.png,0
NORMAL_954.png,0
NORMAL_955.png,2
NORMAL_956.png,2
NORMAL_957.png,0
NORMAL_958.png,0
NORMAL_959.png,0
NORMAL_96.png,0
NORMAL_960.png,0
NORMAL_961.png,0
NORMAL_962.png,0
NORMAL_963.png,2
NORMAL_964.png,2
NORMAL_965.png,2
NORMAL_966.png,2
NORMAL_967.png,2
NORMAL_968.png,2
NORMAL_969.png,2
NORMAL_97.png,0
NORMAL_970.png,2
NORMAL_971.png,2
NORMAL_972.png,2
NORMAL_973.png,2
NORMAL_974.png,2
NORMAL_975.png,0
NORMAL_976.png,0
NORMAL_977.png,2
NORMAL_978.png,2
NORMAL_979.png,0
NORMAL_98.png,0
NORMAL_980.png,0
NORMAL_981.png,2
NORMAL_982.png,0
NORMAL_983.png,0
NORMAL_984.png,0
NORMAL_985.png,1
NORMAL_986.png,2
NORMAL_987.png,2
NORMAL_988.png,0
NORMAL_989.png,0
NORMAL_99.png,0
NORMAL_990.png,0
NORMAL_991.png,0
NORMAL_992.png,0
NORMAL_993.png,0
NORMAL_994.png,0
NORMAL_995.png,0
NORMAL_996.png,0
NORMAL_997.png,0
NORMAL_998.png,0
NORMAL_999.png,0
PNEUMONIA.png,2
PNEUMONIA_10.png,2
PNEUMONIA_100.png,2
PNEUMONIA_1000.png,2
PNEUMONIA_1001.png,2
PNEUMONIA_1002.png,2
PNEUMONIA_1003.png,2
PNEUMONIA_1004.png,2
PNEUMONIA_1005.png,2
PNEUMONIA_1006.png,2
PNEUMONIA_1007.png,2
PNEUMONIA_1008.png,2
PNEUMONIA_1009.png,2
PNEUMONIA_101.png,2
PNEUMONIA_1010.png,2
PNEUMONIA_1011.png,2
PNEUMONIA_1012.png,2
PNEUMONIA_1013.png,2
PNEUMONIA_1014.png,2
PNEUMONIA_1015.png,2
PNEUMONIA_1016.png,2
PNEUMONIA_1017.png,2
PNEUMONIA_1018.png,2
PNEUMONIA_1019.png,1
PNEUMONIA_102.png,2
PNEUMONIA_1020.png,2
PNEUMONIA_1021.png,2
PNEUMONIA_1022.png,2
PNEUMONIA_1023.png,2
PNEUMONIA_1024.png,2
PNEUMONIA_1025.png,2
PNEUMONIA_1026.png,2
PNEUMONIA_1027.png,2
PNEUMONIA_1028.png,2
PNEUMONIA_1029.png,0
PNEUMONIA_103.png,2
PNEUMONIA_1030.png,2
PNEUMONIA_1031.png,2
PNEUMONIA_1032.png,0
PNEUMONIA_1033.png,2
PNEUMONIA_1034.png,2
PNEUMONIA_1035.png,2
PNEUMONIA_1036.png,0
PNEUMONIA_1037.png,0
PNEUMONIA_1038.png,2
PNEUMONIA_1039.png,2
PNEUMONIA_104.png,2
PNEUMONIA_1040.png,2
PNEUMONIA_1041.png,2
PNEUMONIA_1042.png,2
PNEUMONIA_1043.png,2
PNEUMONIA_1044.png,2
PNEUMONIA_1045.png,2
PNEUMONIA_1046.png,2
PNEUMONIA_1047.png,2
PNEUMONIA_1048.png,2
PNEUMONIA_1049.png,2
PNEUMONIA_105.png,2
PNEUMONIA_1050.png,2
PNEUMONIA_1051.png,2
PNEUMONIA_1052.png,2
PNEUMONIA_1053.png,2
PNEUMONIA_1054.png,2
PNEUMONIA_1055.png,2
PNEUMONIA_1056.png,2
PNEUMONIA_1057.png,0
PNEUMONIA_1058.png,0
PNEUMONIA_1059.png,2
PNEUMONIA_106.png,2
PNEUMONIA_1060.png,0
PNEUMONIA_1061.png,0
PNEUMONIA_1062.png,2
PNEUMONIA_1063.png,0
PNEUMONIA_1064.png,2
PNEUMONIA_1065.png,2
PNEUMONIA_1066.png,2
PNEUMONIA_1067.png,2
PNEUMONIA_1068.png,2
PNEUMONIA_1069.png,2
PNEUMONIA_107.png,2
PNEUMONIA_1070.png,2
PNEUMONIA_1071.png,2
PNEUMONIA_1072.png,2
PNEUMONIA_1073.png,2
PNEUMONIA_1074.png,0
PNEUMONIA_1075.png,2
PNEUMONIA_1076.png,0
PNEUMONIA_1077.png,2
PNEUMONIA_1078.png,0
PNEUMONIA_1079.png,0
PNEUMONIA_108.png,2
PNEUMONIA_1080.png,0
PNEUMONIA_1081.png,0
PNEUMONIA_1082.png,2
PNEUMONIA_1083.png,0
PNEUMONIA_1084.png,0
PNEUMONIA_1085.png,0
PNEUMONIA_1086.png,2
PNEUMONIA_1087.png,2
PNEUMONIA_1088.png,2
PNEUMONIA_1089.png,2
PNEUMONIA_109.png,2
PNEUMONIA_1090.png,2
PNEUMONIA_1091.png,0
PNEUMONIA_1092.png,0
PNEUMONIA_1093.png,0
PNEUMONIA_1094.png,0
PNEUMONIA_1095.png,2
PNEUMONIA_1096.png,2
PNEUMONIA_1097.png,2
PNEUMONIA_1098.png,0
PNEUMONIA_1099.png,0
PNEUMONIA_11.png,2
PNEUMONIA_110.png,2
PNEUMONIA_1100.png,0
PNEUMONIA_1101.png,2
PNEUMONIA_1102.png,2
PNEUMONIA_1103.png,2
PNEUMONIA_1104.png,2
PNEUMONIA_1105.png,2
PNEUMONIA_1106.png,2
PNEUMONIA_1107.png,2
PNEUMONIA_1108.png,0
PNEUMONIA_1109.png,0
PNEUMONIA_111.png,2
PNEUMONIA_1110.png,0
PNEUMONIA_1111.png,2
PNEUMONIA_1112.png,0
PNEUMONIA_1113.png,2
PNEUMONIA_1114.png,2
PNEUMONIA_1115.png,2
PNEUMONIA_1116.png,2
PNEUMONIA_1117.png,2
PNEUMONIA_1118.png,0
PNEUMONIA_1119.png,2
PNEUMONIA_112.png,2
PNEUMONIA_1120.png,2
PNEUMONIA_1121.png,2
PNEUMONIA_1122.png,2
PNEUMONIA_1123.png,2
PNEUMONIA_1124.png,2
PNEUMONIA_1125.png,2
PNEUMONIA_1126.png,2
PNEUMONIA_1127.png,0
PNEUMONIA_1128.png,0
PNEUMONIA_1129.png,2
PNEUMONIA_113.png,2
PNEUMONIA_1130.png,0
PNEUMONIA_1131.png,0
PNEUMONIA_1132.png,2
PNEUMONIA_1133.png,2
PNEUMONIA_1134.png,2
PNEUMONIA_1135.png,0
PNEUMONIA_1136.png,2
PNEUMONIA_1137.png,0
PNEUMONIA_1138.png,0
PNEUMONIA_1139.png,2
PNEUMONIA_114.png,2
PNEUMONIA_1140.png,2
PNEUMONIA_1141.png,2
PNEUMONIA_1142.png,2
PNEUMONIA_1143.png,2
PNEUMONIA_1144.png,0
PNEUMONIA_1145.png,2
PNEUMONIA_1146.png,2
PNEUMONIA_1147.png,2
PNEUMONIA_1148.png,2
PNEUMONIA_1149.png,2
PNEUMONIA_115.png,2
PNEUMONIA_1150.png,2
PNEUMONIA_1151.png,2
PNEUMONIA_1152.png,2
PNEUMONIA_1153.png,2
PNEUMONIA_1154.png,2
PNEUMONIA_1155.png,2
PNEUMONIA_1156.png,0
PNEUMONIA_1157.png,2
PNEUMONIA_1158.png,0
PNEUMONIA_1159.png,2
PNEUMONIA_116.png,2
PNEUMONIA_1160.png,2
PNEUMONIA_1161.png,2
PNEUMONIA_1162.png,0
PNEUMONIA_1163.png,2
PNEUMONIA_1164.png,2
PNEUMONIA_1165.png,2
PNEUMONIA_1166.png,2
PNEUMONIA_1167.png,2
PNEUMONIA_1168.png,2
PNEUMONIA_1169.png,2
PNEUMONIA_117.png,2
PNEUMONIA_1170.png,2
PNEUMONIA_1171.png,0
PNEUMONIA_1172.png,0
PNEUMONIA_1173.png,2
PNEUMONIA_1174.png,0
PNEUMONIA_1175.png,2
PNEUMONIA_1176.png,2
PNEUMONIA_1177.png,2
PNEUMONIA_1178.png,2
PNEUMONIA_1179.png,2
PNEUMONIA_118.png,2
PNEUMONIA_1180.png,2
PNEUMONIA_1181.png,2
PNEUMONIA_1182.png,2
PNEUMONIA_1183.png,2
PNEUMONIA_1184.png,2
PNEUMONIA_1185.png,2
PNEUMONIA_1186.png,2
PNEUMONIA_1187.png,2
PNEUMONIA_1188.png,2
PNEUMONIA_1189.png,2
PNEUMONIA_119.png,2
PNEUMONIA_1190.png,2
PNEUMONIA_1191.png,0
PNEUMONIA_1192.png,2
PNEUMONIA_1193.png,2
PNEUMONIA_1194.png,2
PNEUMONIA_1195.png,2
PNEUMONIA_1196.png,0
PNEUMONIA_1197.png,2
PNEUMONIA_1198.png,2
PNEUMONIA_1199.png,2
PNEUMONIA_12.png,2
PNEUMONIA_120.png,2
PNEUMONIA_1200.png,0
PNEUMONIA_1201.png,2
PNEUMONIA_1202.png,0
PNEUMONIA_1203.png,2
PNEUMONIA_1204.png,2
PNEUMONIA_1205.png,2
PNEUMONIA_1206.png,2
PNEUMONIA_1207.png,0
PNEUMONIA_1208.png,2
PNEUMONIA_1209.png,2
PNEUMONIA_121.png,2
PNEUMONIA_1210.png,2
PNEUMONIA_1211.png,2
PNEUMONIA_1212.png,2
PNEUMONIA_1213.png,0
PNEUMONIA_1214.png,2
PNEUMONIA_1215.png,2
PNEUMONIA_1216.png,0
PNEUMONIA_1217.png,0
PNEUMONIA_1218.png,2
PNEUMONIA_1219.png,2
PNEUMONIA_122.png,2
PNEUMONIA_1220.png,2
PNEUMONIA_1221.png,0
PNEUMONIA_1222.png,0
PNEUMONIA_1223.png,2
PNEUMONIA_1224.png,2
PNEUMONIA_1225.png,2
PNEUMONIA_1226.png,2
PNEUMONIA_1227.png,2
PNEUMONIA_1228.png,2
PNEUMONIA_1229.png,2
PNEUMONIA_123.png,2
PNEUMONIA_1230.png,2
PNEUMONIA_1231.png,2
PNEUMONIA_1232.png,0
PNEUMONIA_1233.png,2
PNEUMONIA_1234.png,2
PNEUMONIA_1235.png,2
PNEUMONIA_1236.png,2
PNEUMONIA_1237.png,2
PNEUMONIA_1238.png,2
PNEUMONIA_1239.png,2
PNEUMONIA_124.png,2
PNEUMONIA_1240.png,2
PNEUMONIA_1241.png,2
PNEUMONIA_1242.png,2
PNEUMONIA_1243.png,2
PNEUMONIA_1244.png,0
PNEUMONIA_1245.png,2
PNEUMONIA_1246.png,2
PNEUMONIA_1247.png,2
PNEUMONIA_1248.png,2
PNEUMONIA_1249.png,2
PNEUMONIA_125.png,2
PNEUMONIA_1250.png,2
PNEUMONIA_1251.png,0
PNEUMONIA_1252.png,2
PNEUMONIA_1253.png,2
PNEUMONIA_1254.png,2
PNEUMONIA_1255.png,0
PNEUMONIA_1256.png,2
PNEUMONIA_1257.png,2
PNEUMONIA_1258.png,2
PNEUMONIA_1259.png,0
PNEUMONIA_126.png,0
PNEUMONIA_1260.png,2
PNEUMONIA_1261.png,2
PNEUMONIA_1262.png,2
PNEUMONIA_1263.png,2
PNEUMONIA_1264.png,2
PNEUMONIA_1265.png,2
PNEUMONIA_1266.png,0
PNEUMONIA_1267.png,2
PNEUMONIA_1268.png,2
PNEUMONIA_1269.png,2
PNEUMONIA_127.png,2
PNEUMONIA_1270.png,2
PNEUMONIA_1271.png,2
PNEUMONIA_1272.png,0
PNEUMONIA_1273.png,0
PNEUMONIA_1274.png,2
PNEUMONIA_1275.png,2
PNEUMONIA_1276.png,2
PNEUMONIA_1277.png,2
PNEUMONIA_1278.png,2
PNEUMONIA_1279.png,2
PNEUMONIA_128.png,2
PNEUMONIA_1280.png,2
PNEUMONIA_1281.png,2
PNEUMONIA_1282.png,0
PNEUMONIA_1283.png,2
PNEUMONIA_1284.png,2
PNEUMONIA_1285.png,2
PNEUMONIA_1286.png,2
PNEUMONIA_1287.png,2
PNEUMONIA_1288.png,2
PNEUMONIA_1289.png,2
PNEUMONIA_129.png,2
PNEUMONIA_1290.png,2
PNEUMONIA_1291.png,2
PNEUMONIA_1292.png,2
PNEUMONIA_1293.png,2
PNEUMONIA_1294.png,2
PNEUMONIA_1295.png,2
PNEUMONIA_1296.png,2
PNEUMONIA_1297.png,2
PNEUMONIA_1298.png,2
PNEUMONIA_1299.png,2
PNEUMONIA_13.png,2
PNEUMONIA_130.png,2
PNEUMONIA_1300.png,2
PNEUMONIA_1301.png,2
PNEUMONIA_1302.png,2
PNEUMONIA_1303.png,2
PNEUMONIA_1304.png,2
PNEUMONIA_1305.png,2
PNEUMONIA_1306.png,2
PNEUMONIA_1307.png,2
PNEUMONIA_1308.png,2
PNEUMONIA_1309.png,2
PNEUMONIA_131.png,2
PNEUMONIA_1310.png,2
PNEUMONIA_1311.png,2
PNEUMONIA_1312.png,2
PNEUMONIA_1313.png,2
PNEUMONIA_1314.png,2
PNEUMONIA_1315.png,2
PNEUMONIA_1316.png,2
PNEUMONIA_1317.png,0
PNEUMONIA_1318.png,2
PNEUMONIA_1319.png,2
PNEUMONIA_132.png,2
PNEUMONIA_1320.png,2
PNEUMONIA_1321.png,2
PNEUMONIA_1322.png,2
PNEUMONIA_1323.png,2
PNEUMONIA_1324.png,2
PNEUMONIA_1325.png,2
PNEUMONIA_1326.png,2
PNEUMONIA_1327.png,2
PNEUMONIA_1328.png,2
PNEUMONIA_1329.png,2
PNEUMONIA_133.png,2
PNEUMONIA_1330.png,2
PNEUMONIA_1331.png,2
PNEUMONIA_1332.png,2
PNEUMONIA_1333.png,2
PNEUMONIA_1334.png,2
PNEUMONIA_1335.png,2
PNEUMONIA_1336.png,2
PNEUMONIA_1337.png,0
PNEUMONIA_1338.png,2
PNEUMONIA_1339.png,0
PNEUMONIA_134.png,2
PNEUMONIA_1340.png,2
PNEUMONIA_1341.png,2
PNEUMONIA_1342.png,0
PNEUMONIA_1343.png,0
PNEUMONIA_1344.png,2
PNEUMONIA_1345.png,2
PNEUMONIA_1346.png,2
PNEUMONIA_1347.png,2
PNEUMONIA_1348.png,2
PNEUMONIA_1349.png,2
PNEUMONIA_135.png,2
PNEUMONIA_1350.png,2
PNEUMONIA_1351.png,0
PNEUMONIA_1352.png,2
PNEUMONIA_1353.png,2
PNEUMONIA_1354.png,2
PNEUMONIA_1355.png,2
PNEUMONIA_1356.png,0
PNEUMONIA_1357.png,2
PNEUMONIA_1358.png,2
PNEUMONIA_1359.png,0
PNEUMONIA_136.png,2
PNEUMONIA_1360.png,0
PNEUMONIA_1361.png,2
PNEUMONIA_1362.png,2
PNEUMONIA_1363.png,2
PNEUMONIA_1364.png,2
PNEUMONIA_1365.png,2
PNEUMONIA_1366.png,2
PNEUMONIA_1367.png,2
PNEUMONIA_1368.png,2
PNEUMONIA_1369.png,2
PNEUMONIA_137.png,2
PNEUMONIA_1370.png,2
PNEUMONIA_1371.png,0
PNEUMONIA_1372.png,0
PNEUMONIA_1373.png,2
PNEUMONIA_1374.png,2
PNEUMONIA_1375.png,2
PNEUMONIA_1376.png,2
PNEUMONIA_1377.png,2
PNEUMONIA_1378.png,2
PNEUMONIA_1379.png,0
PNEUMONIA_138.png,2
PNEUMONIA_1380.png,0
PNEUMONIA_1381.png,0
PNEUMONIA_1382.png,0
PNEUMONIA_1383.png,2
PNEUMONIA_1384.png,2
PNEUMONIA_1385.png,2
PNEUMONIA_1386.png,2
PNEUMONIA_1387.png,2
PNEUMONIA_1388.png,2
PNEUMONIA_1389.png,2
PNEUMONIA_139.png,2
PNEUMONIA_1390.png,2
PNEUMONIA_1391.png,2
PNEUMONIA_1392.png,2
PNEUMONIA_1393.png,0
PNEUMONIA_1394.png,0
PNEUMONIA_1395.png,2
PNEUMONIA_1396.png,2
PNEUMONIA_1397.png,0
PNEUMONIA_1398.png,0
PNEUMONIA_1399.png,0
PNEUMONIA_14.png,0
PNEUMONIA_140.png,2
PNEUMONIA_1400.png,0
PNEUMONIA_1401.png,2
PNEUMONIA_1402.png,2
PNEUMONIA_1403.png,2
PNEUMONIA_1404.png,2
PNEUMONIA_1405.png,2
PNEUMONIA_1406.png,2
PNEUMONIA_1407.png,2
PNEUMONIA_1408.png,2
PNEUMONIA_1409.png,2
PNEUMONIA_141.png,2
PNEUMONIA_1410.png,2
PNEUMONIA_1411.png,2
PNEUMONIA_1412.png,2
PNEUMONIA_1413.png,2
PNEUMONIA_1414.png,2
PNEUMONIA_1415.png,0
PNEUMONIA_1416.png,2
PNEUMONIA_1417.png,2
PNEUMONIA_1418.png,2
PNEUMONIA_1419.png,2
PNEUMONIA_142.png,0
PNEUMONIA_1420.png,2
PNEUMONIA_1421.png,2
PNEUMONIA_1422.png,2
PNEUMONIA_1423.png,2
PNEUMONIA_1424.png,2
PNEUMONIA_1425.png,2
PNEUMONIA_1426.png,2
PNEUMONIA_1427.png,2
PNEUMONIA_1428.png,2
PNEUMONIA_1429.png,2
PNEUMONIA_143.png,0
PNEUMONIA_1430.png,2
PNEUMONIA_1431.png,2
PNEUMONIA_1432.png,2
PNEUMONIA_1433.png,2
PNEUMONIA_1434.png,2
PNEUMONIA_1435.png,0
PNEUMONIA_1436.png,2
PNEUMONIA_1437.png,2
PNEUMONIA_1438.png,2
PNEUMONIA_1439.png,2
PNEUMONIA_144.png,0
PNEUMONIA_1440.png,0
PNEUMONIA_1441.png,2
PNEUMONIA_1442.png,2
PNEUMONIA_1443.png,2
PNEUMONIA_1444.png,2
PNEUMONIA_1445.png,2
PNEUMONIA_1446.png,2
PNEUMONIA_1447.png,2
PNEUMONIA_1448.png,2
PNEUMONIA_1449.png,2
PNEUMONIA_145.png,2
PNEUMONIA_1450.png,0
PNEUMONIA_1451.png,2
PNEUMONIA_1452.png,2
PNEUMONIA_1453.png,2
PNEUMONIA_1454.png,2
PNEUMONIA_1455.png,2
PNEUMONIA_1456.png,2
PNEUMONIA_1457.png,2
PNEUMONIA_1458.png,2
PNEUMONIA_1459.png,2
PNEUMONIA_146.png,2
PNEUMONIA_1460.png,2
PNEUMONIA_1461.png,2
PNEUMONIA_1462.png,2
PNEUMONIA_1463.png,2
PNEUMONIA_1464.png,2
PNEUMONIA_1465.png,2
PNEUMONIA_1466.png,2
PNEUMONIA_1467.png,2
PNEUMONIA_1468.png,2
PNEUMONIA_1469.png,2
PNEUMONIA_147.png,0
PNEUMONIA_1470.png,2
PNEUMONIA_1471.png,2
PNEUMONIA_1472.png,0
PNEUMONIA_1473.png,2
PNEUMONIA_1474.png,2
PNEUMONIA_1475.png,2
PNEUMONIA_1476.png,0
PNEUMONIA_1477.png,2
PNEUMONIA_1478.png,2
PNEUMONIA_1479.png,2
PNEUMONIA_148.png,2
PNEUMONIA_1480.png,2
PNEUMONIA_1481.png,2
PNEUMONIA_1482.png,0
PNEUMONIA_1483.png,0
PNEUMONIA_1484.png,2
PNEUMONIA_1485.png,0
PNEUMONIA_1486.png,0
PNEUMONIA_1487.png,0
PNEUMONIA_1488.png,0
PNEUMONIA_1489.png,0
PNEUMONIA_149.png,2
PNEUMONIA_1490.png,0
PNEUMONIA_1491.png,0
PNEUMONIA_1492.png,2
PNEUMONIA_1493.png,0
PNEUMONIA_1494.png,0
PNEUMONIA_1495.png,0
PNEUMONIA_1496.png,0
PNEUMONIA_1497.png,0
PNEUMONIA_1498.png,0
PNEUMONIA_1499.png,2
PNEUMONIA_15.png,0
PNEUMONIA_150.png,0
PNEUMONIA_1500.png,0
PNEUMONIA_1501.png,0
PNEUMONIA_1502.png,0
PNEUMONIA_1503.png,0
PNEUMONIA_1504.png,0
PNEUMONIA_1505.png,0
PNEUMONIA_1506.png,0
PNEUMONIA_1507.png,0
PNEUMONIA_1508.png,0
PNEUMONIA_1509.png,2
PNEUMONIA_151.png,0
PNEUMONIA_1510.png,0
PNEUMONIA_1511.png,2
PNEUMONIA_1512.png,0
PNEUMONIA_1513.png,0
PNEUMONIA_1514.png,0
PNEUMONIA_1515.png,0
PNEUMONIA_1516.png,0
PNEUMONIA_1517.png,2
PNEUMONIA_1518.png,0
PNEUMONIA_1519.png,0
PNEUMONIA_152.png,2
PNEUMONIA_1520.png,2
PNEUMONIA_1521.png,0
PNEUMONIA_1522.png,0
PNEUMONIA_1523.png,0
PNEUMONIA_1524.png,0
PNEUMONIA_1525.png,0
PNEUMONIA_1526.png,0
PNEUMONIA_1527.png,0
PNEUMONIA_1528.png,0
PNEUMONIA_1529.png,0
PNEUMONIA_153.png,2
PNEUMONIA_1530.png,0
PNEUMONIA_1531.png,0
PNEUMONIA_1532.png,0
PNEUMONIA_1533.png,0
PNEUMONIA_1534.png,0
PNEUMONIA_1535.png,0
PNEUMONIA_1536.png,0
PNEUMONIA_1537.png,0
PNEUMONIA_1538.png,2
PNEUMONIA_1539.png,0
PNEUMONIA_154.png,2
PNEUMONIA_1540.png,2
PNEUMONIA_1541.png,0
PNEUMONIA_1542.png,0
PNEUMONIA_1543.png,2
PNEUMONIA_1544.png,0
PNEUMONIA_1545.png,0
PNEUMONIA_1546.png,0
PNEUMONIA_1547.png,0
PNEUMONIA_1548.png,0
PNEUMONIA_1549.png,0
PNEUMONIA_155.png,2
PNEUMONIA_1550.png,2
PNEUMONIA_1551.png,2
PNEUMONIA_1552.png,0
PNEUMONIA_1553.png,2
PNEUMONIA_1554.png,2
PNEUMONIA_1555.png,2
PNEUMONIA_1556.png,2
PNEUMONIA_1557.png,0
PNEUMONIA_1558.png,0
PNEUMONIA_1559.png,2
PNEUMONIA_156.png,0
PNEUMONIA_1560.png,0
PNEUMONIA_1561.png,0
PNEUMONIA_1562.png,0
PNEUMONIA_1563.png,0
PNEUMONIA_1564.png,2
PNEUMONIA_1565.png,2
PNEUMONIA_1566.png,2
PNEUMONIA_1567.png,2
PNEUMONIA_1568.png,0
PNEUMONIA_1569.png,0
PNEUMONIA_157.png,0
PNEUMONIA_1570.png,2
PNEUMONIA_1571.png,2
PNEUMONIA_1572.png,2
PNEUMONIA_1573.png,2
PNEUMONIA_1574.png,0
PNEUMONIA_1575.png,2
PNEUMONIA_1576.png,0
PNEUMONIA_1577.png,2
PNEUMONIA_1578.png,0
PNEUMONIA_1579.png,0
PNEUMONIA_158.png,2
PNEUMONIA_1580.png,0
PNEUMONIA_1581.png,2
PNEUMONIA_1582.png,0
PNEUMONIA_1583.png,0
PNEUMONIA_1584.png,2
PNEUMONIA_1585.png,2
PNEUMONIA_1586.png,0
PNEUMONIA_1587.png,0
PNEUMONIA_1588.png,2
PNEUMONIA_1589.png,2
PNEUMONIA_159.png,2
PNEUMONIA_1590.png,2
PNEUMONIA_1591.png,2
PNEUMONIA_1592.png,2
PNEUMONIA_1593.png,2
PNEUMONIA_1594.png,2
PNEUMONIA_1595.png,2
PNEUMONIA_1596.png,2
PNEUMONIA_1597.png,2
PNEUMONIA_1598.png,2
PNEUMONIA_1599.png,2
PNEUMONIA_16.png,2
PNEUMONIA_160.png,0
PNEUMONIA_1600.png,0
PNEUMONIA_1601.png,2
PNEUMONIA_1602.png,2
PNEUMONIA_1603.png,2
PNEUMONIA_1604.png,2
PNEUMONIA_1605.png,2
PNEUMONIA_1606.png,2
PNEUMONIA_1607.png,2
PNEUMONIA_1608.png,2
PNEUMONIA_1609.png,2
PNEUMONIA_161.png,2
PNEUMONIA_1610.png,2
PNEUMONIA_1611.png,2
PNEUMONIA_1612.png,2
PNEUMONIA_1613.png,2
PNEUMONIA_1614.png,2
PNEUMONIA_1615.png,2
PNEUMONIA_1616.png,2
PNEUMONIA_1617.png,2
PNEUMONIA_1618.png,2
PNEUMONIA_1619.png,2
PNEUMONIA_162.png,2
PNEUMONIA_1620.png,2
PNEUMONIA_1621.png,2
PNEUMONIA_1622.png,2
PNEUMONIA_1623.png,2
PNEUMONIA_1624.png,2
PNEUMONIA_1625.png,0
PNEUMONIA_1626.png,2
PNEUMONIA_1627.png,2
PNEUMONIA_1628.png,2
PNEUMONIA_1629.png,2
PNEUMONIA_163.png,2
PNEUMONIA_1630.png,2
PNEUMONIA_1631.png,2
PNEUMONIA_1632.png,2
PNEUMONIA_1633.png,2
PNEUMONIA_1634.png,2
PNEUMONIA_1635.png,2
PNEUMONIA_1636.png,2
PNEUMONIA_1637.png,2
PNEUMONIA_1638.png,2
PNEUMONIA_1639.png,2
PNEUMONIA_164.png,2
PNEUMONIA_1640.png,2
PNEUMONIA_1641.png,2
PNEUMONIA_1642.png,2
PNEUMONIA_1643.png,2
PNEUMONIA_1644.png,2
PNEUMONIA_1645.png,2
PNEUMONIA_1646.png,2
PNEUMONIA_1647.png,2
PNEUMONIA_1648.png,2
PNEUMONIA_1649.png,2
PNEUMONIA_165.png,2
PNEUMONIA_1650.png,2
PNEUMONIA_1651.png,0
PNEUMONIA_1652.png,2
PNEUMONIA_1653.png,2
PNEUMONIA_1654.png,2
PNEUMONIA_1655.png,2
PNEUMONIA_1656.png,2
PNEUMONIA_1657.png,2
PNEUMONIA_1658.png,2
PNEUMONIA_1659.png,2
PNEUMONIA_166.png,2
PNEUMONIA_1660.png,2
PNEUMONIA_1661.png,2
PNEUMONIA_1662.png,2
PNEUMONIA_1663.png,2
PNEUMONIA_1664.png,2
PNEUMONIA_1665.png,2
PNEUMONIA_1666.png,0
PNEUMONIA_1667.png,0
PNEUMONIA_1668.png,0
PNEUMONIA_1669.png,2
PNEUMONIA_167.png,0
PNEUMONIA_1670.png,2
PNEUMONIA_1671.png,2
PNEUMONIA_1672.png,0
PNEUMONIA_1673.png,0
PNEUMONIA_1674.png,2
PNEUMONIA_1675.png,0
PNEUMONIA_1676.png,2
PNEUMONIA_1677.png,2
PNEUMONIA_1678.png,2
PNEUMONIA_1679.png,2
PNEUMONIA_168.png,2
PNEUMONIA_1680.png,2
PNEUMONIA_1681.png,2
PNEUMONIA_1682.png,2
PNEUMONIA_1683.png,2
PNEUMONIA_1684.png,2
PNEUMONIA_1685.png,2
PNEUMONIA_1686.png,2
PNEUMONIA_1687.png,2
PNEUMONIA_1688.png,2
PNEUMONIA_1689.png,2
PNEUMONIA_169.png,0
PNEUMONIA_1690.png,0
PNEUMONIA_1691.png,0
PNEUMONIA_1692.png,2
PNEUMONIA_1693.png,2
PNEUMONIA_1694.png,2
PNEUMONIA_1695.png,2
PNEUMONIA_1696.png,0
PNEUMONIA_1697.png,2
PNEUMONIA_1698.png,2
PNEUMONIA_1699.png,2
PNEUMONIA_17.png,2
PNEUMONIA_170.png,2
PNEUMONIA_1700.png,2
PNEUMONIA_1701.png,0
PNEUMONIA_1702.png,2
PNEUMONIA_1703.png,2
PNEUMONIA_1704.png,2
PNEUMONIA_1705.png,0
PNEUMONIA_1706.png,2
PNEUMONIA_1707.png,2
PNEUMONIA_1708.png,0
PNEUMONIA_1709.png,2
PNEUMONIA_171.png,2
PNEUMONIA_1710.png,2
PNEUMONIA_1711.png,2
PNEUMONIA_1712.png,0
PNEUMONIA_1713.png,2
PNEUMONIA_1714.png,2
PNEUMONIA_1715.png,2
PNEUMONIA_1716.png,0
PNEUMONIA_1717.png,2
PNEUMONIA_1718.png,2
PNEUMONIA_1719.png,2
PNEUMONIA_172.png,2
PNEUMONIA_1720.png,2
PNEUMONIA_1721.png,2
PNEUMONIA_1722.png,2
PNEUMONIA_1723.png,2
PNEUMONIA_1724.png,2
PNEUMONIA_1725.png,2
PNEUMONIA_1726.png,0
PNEUMONIA_1727.png,2
PNEUMONIA_1728.png,2
PNEUMONIA_1729.png,2
PNEUMONIA_173.png,2
PNEUMONIA_1730.png,2
PNEUMONIA_1731.png,0
PNEUMONIA_1732.png,0
PNEUMONIA_1733.png,2
PNEUMONIA_1734.png,2
PNEUMONIA_1735.png,2
PNEUMONIA_1736.png,2
PNEUMONIA_1737.png,2
PNEUMONIA_1738.png,2
PNEUMONIA_1739.png,2
PNEUMONIA_174.png,2
PNEUMONIA_1740.png,2
PNEUMONIA_1741.png,2
PNEUMONIA_1742.png,2
PNEUMONIA_1743.png,0
PNEUMONIA_1744.png,0
PNEUMONIA_1745.png,2
PNEUMONIA_1746.png,2
PNEUMONIA_1747.png,2
PNEUMONIA_1748.png,2
PNEUMONIA_1749.png,2
PNEUMONIA_175.png,2
PNEUMONIA_1750.png,2
PNEUMONIA_1751.png,0
PNEUMONIA_1752.png,0
PNEUMONIA_1753.png,2
PNEUMONIA_1754.png,2
PNEUMONIA_1755.png,2
PNEUMONIA_1756.png,0
PNEUMONIA_1757.png,0
PNEUMONIA_1758.png,2
PNEUMONIA_1759.png,0
PNEUMONIA_176.png,2
PNEUMONIA_1760.png,2
PNEUMONIA_1761.png,0
PNEUMONIA_1762.png,2
PNEUMONIA_1763.png,0
PNEUMONIA_1764.png,0
PNEUMONIA_1765.png,0
PNEUMONIA_1766.png,2
PNEUMONIA_1767.png,2
PNEUMONIA_1768.png,2
PNEUMONIA_1769.png,0
PNEUMONIA_177.png,0
PNEUMONIA_1770.png,0
PNEUMONIA_1771.png,0
PNEUMONIA_1772.png,2
PNEUMONIA_1773.png,2
PNEUMONIA_1774.png,2
PNEUMONIA_1775.png,2
PNEUMONIA_1776.png,2
PNEUMONIA_1777.png,2
PNEUMONIA_1778.png,2
PNEUMONIA_1779.png,0
PNEUMONIA_178.png,2
PNEUMONIA_1780.png,0
PNEUMONIA_1781.png,2
PNEUMONIA_1782.png,0
PNEUMONIA_1783.png,2
PNEUMONIA_1784.png,2
PNEUMONIA_1785.png,2
PNEUMONIA_1786.png,0
PNEUMONIA_1787.png,0
PNEUMONIA_1788.png,2
PNEUMONIA_1789.png,2
PNEUMONIA_179.png,2
PNEUMONIA_1790.png,2
PNEUMONIA_1791.png,2
PNEUMONIA_1792.png,2
PNEUMONIA_1793.png,2
PNEUMONIA_1794.png,2
PNEUMONIA_1795.png,2
PNEUMONIA_1796.png,2
PNEUMONIA_1797.png,0
PNEUMONIA_1798.png,0
PNEUMONIA_1799.png,2
PNEUMONIA_18.png,0
PNEUMONIA_180.png,2
PNEUMONIA_1800.png,2
PNEUMONIA_181.png,2
PNEUMONIA_182.png,2
PNEUMONIA_183.png,2
PNEUMONIA_184.png,0
PNEUMONIA_185.png,2
PNEUMONIA_186.png,2
PNEUMONIA_187.png,2
PNEUMONIA_188.png,2
PNEUMONIA_189.png,2
PNEUMONIA_19.png,2
PNEUMONIA_190.png,2
PNEUMONIA_191.png,2
PNEUMONIA_192.png,2
PNEUMONIA_193.png,2
PNEUMONIA_194.png,2
PNEUMONIA_195.png,2
PNEUMONIA_196.png,2
PNEUMONIA_197.png,2
PNEUMONIA_198.png,2
PNEUMONIA_199.png,2
PNEUMONIA_2.png,0
PNEUMONIA_20.png,0
PNEUMONIA_200.png,2
PNEUMONIA_201.png,2
PNEUMONIA_202.png,2
PNEUMONIA_203.png,2
PNEUMONIA_204.png,2
PNEUMONIA_205.png,2
PNEUMONIA_206.png,2
PNEUMONIA_207.png,2
PNEUMONIA_208.png,2
PNEUMONIA_209.png,2
PNEUMONIA_21.png,0
PNEUMONIA_210.png,2
PNEUMONIA_211.png,2
PNEUMONIA_212.png,2
PNEUMONIA_213.png,2
PNEUMONIA_214.png,2
PNEUMONIA_215.png,2
PNEUMONIA_216.png,2
PNEUMONIA_217.png,2
PNEUMONIA_218.png,2
PNEUMONIA_219.png,2
PNEUMONIA_22.png,0
PNEUMONIA_220.png,2
PNEUMONIA_221.png,2
PNEUMONIA_222.png,2
PNEUMONIA_223.png,2
PNEUMONIA_224.png,2
PNEUMONIA_225.png,2
PNEUMONIA_226.png,2
PNEUMONIA_227.png,2
PNEUMONIA_228.png,2
PNEUMONIA_229.png,2
PNEUMONIA_23.png,0
PNEUMONIA_230.png,2
PNEUMONIA_231.png,2
PNEUMONIA_232.png,2
PNEUMONIA_233.png,2
PNEUMONIA_234.png,2
PNEUMONIA_235.png,2
PNEUMONIA_236.png,2
PNEUMONIA_237.png,2
PNEUMONIA_238.png,0
PNEUMONIA_239.png,2
PNEUMONIA_24.png,2
PNEUMONIA_240.png,2
PNEUMONIA_241.png,2
PNEUMONIA_242.png,2
PNEUMONIA_243.png,2
PNEUMONIA_244.png,2
PNEUMONIA_245.png,2
PNEUMONIA_246.png,2
PNEUMONIA_247.png,0
PNEUMONIA_248.png,2
PNEUMONIA_249.png,2
PNEUMONIA_25.png,2
PNEUMONIA_250.png,2
PNEUMONIA_251.png,2
PNEUMONIA_252.png,2
PNEUMONIA_253.png,2
PNEUMONIA_254.png,2
PNEUMONIA_255.png,2
PNEUMONIA_256.png,2
PNEUMONIA_257.png,2
PNEUMONIA_258.png,2
PNEUMONIA_259.png,2
PNEUMONIA_26.png,2
PNEUMONIA_260.png,2
PNEUMONIA_261.png,2
PNEUMONIA_262.png,2
PNEUMONIA_263.png,2
PNEUMONIA_264.png,2
PNEUMONIA_265.png,2
PNEUMONIA_266.png,2
PNEUMONIA_267.png,2
PNEUMONIA_268.png,2
PNEUMONIA_269.png,2
PNEUMONIA_27.png,2
PNEUMONIA_270.png,2
PNEUMONIA_271.png,2
PNEUMONIA_272.png,2
PNEUMONIA_273.png,0
PNEUMONIA_274.png,0
PNEUMONIA_275.png,2
PNEUMONIA_276.png,0
PNEUMONIA_277.png,1
PNEUMONIA_278.png,2
PNEUMONIA_279.png,0
PNEUMONIA_28.png,0
PNEUMONIA_280.png,2
PNEUMONIA_281.png,0
PNEUMONIA_282.png,2
PNEUMONIA_283.png,0
PNEUMONIA_284.png,0
PNEUMONIA_285.png,2
PNEUMONIA_286.png,2
PNEUMONIA_287.png,2
PNEUMONIA_288.png,0
PNEUMONIA_289.png,0
PNEUMONIA_29.png,0
PNEUMONIA_290.png,2
PNEUMONIA_291.png,0
PNEUMONIA_292.png,0
PNEUMONIA_293.png,2
PNEUMONIA_294.png,2
PNEUMONIA_295.png,2
PNEUMONIA_296.png,2
PNEUMONIA_297.png,2
PNEUMONIA_298.png,2
PNEUMONIA_299.png,2
PNEUMONIA_3.png,2
PNEUMONIA_30.png,2
PNEUMONIA_300.png,0
PNEUMONIA_301.png,0
PNEUMONIA_302.png,2
PNEUMONIA_303.png,2
PNEUMONIA_304.png,0
PNEUMONIA_305.png,2
PNEUMONIA_306.png,0
PNEUMONIA_307.png,2
PNEUMONIA_308.png,2
PNEUMONIA_309.png,0
PNEUMONIA_31.png,2
PNEUMONIA_310.png,2
PNEUMONIA_311.png,0
PNEUMONIA_312.png,2
PNEUMONIA_313.png,2
PNEUMONIA_314.png,2
PNEUMONIA_315.png,2
PNEUMONIA_316.png,2
PNEUMONIA_317.png,2
PNEUMONIA_318.png,2
PNEUMONIA_319.png,2
PNEUMONIA_32.png,2
PNEUMONIA_320.png,0
PNEUMONIA_321.png,2
PNEUMONIA_322.png,2
PNEUMONIA_323.png,2
PNEUMONIA_324.png,2
PNEUMONIA_325.png,2
PNEUMONIA_326.png,2
PNEUMONIA_327.png,2
PNEUMONIA_328.png,2
PNEUMONIA_329.png,2
PNEUMONIA_33.png,2
PNEUMONIA_330.png,2
PNEUMONIA_331.png,0
PNEUMONIA_332.png,2
PNEUMONIA_333.png,2
PNEUMONIA_334.png,2
PNEUMONIA_335.png,2
PNEUMONIA_336.png,2
PNEUMONIA_337.png,2
PNEUMONIA_338.png,2
PNEUMONIA_339.png,2
PNEUMONIA_34.png,2
PNEUMONIA_340.png,2
PNEUMONIA_341.png,2
PNEUMONIA_342.png,2
PNEUMONIA_343.png,2
PNEUMONIA_344.png,2
PNEUMONIA_345.png,2
PNEUMONIA_346.png,0
PNEUMONIA_347.png,2
PNEUMONIA_348.png,2
PNEUMONIA_349.png,2
PNEUMONIA_35.png,2
PNEUMONIA_350.png,2
PNEUMONIA_351.png,2
PNEUMONIA_352.png,2
PNEUMONIA_353.png,2
PNEUMONIA_354.png,2
PNEUMONIA_355.png,2
PNEUMONIA_356.png,2
PNEUMONIA_357.png,2
PNEUMONIA_358.png,2
PNEUMONIA_359.png,2
PNEUMONIA_36.png,0
PNEUMONIA_360.png,2
PNEUMONIA_361.png,0
PNEUMONIA_362.png,2
PNEUMONIA_363.png,2
PNEUMONIA_364.png,2
PNEUMONIA_365.png,2
PNEUMONIA_366.png,2
PNEUMONIA_367.png,2
PNEUMONIA_368.png,2
PNEUMONIA_369.png,2
PNEUMONIA_37.png,2
PNEUMONIA_370.png,2
PNEUMONIA_371.png,2
PNEUMONIA_372.png,1
PNEUMONIA_373.png,2
PNEUMONIA_374.png,2
PNEUMONIA_375.png,2
PNEUMONIA_376.png,2
PNEUMONIA_377.png,2
PNEUMONIA_378.png,2
PNEUMONIA_379.png,0
PNEUMONIA_38.png,2
PNEUMONIA_380.png,2
PNEUMONIA_381.png,2
PNEUMONIA_382.png,2
PNEUMONIA_383.png,2
PNEUMONIA_384.png,0
PNEUMONIA_385.png,0
PNEUMONIA_386.png,2
PNEUMONIA_387.png,2
PNEUMONIA_388.png,2
PNEUMONIA_389.png,2
PNEUMONIA_39.png,2
PNEUMONIA_390.png,2
PNEUMONIA_391.png,2
PNEUMONIA_392.png,2
PNEUMONIA_393.png,2
PNEUMONIA_394.png,2
PNEUMONIA_395.png,2
PNEUMONIA_396.png,2
PNEUMONIA_397.png,2
PNEUMONIA_398.png,2
PNEUMONIA_399.png,2
PNEUMONIA_4.png,2
PNEUMONIA_40.png,0
PNEUMONIA_400.png,2
PNEUMONIA_401.png,2
PNEUMONIA_402.png,2
PNEUMONIA_403.png,2
PNEUMONIA_404.png,2
PNEUMONIA_405.png,0
PNEUMONIA_406.png,2
PNEUMONIA_407.png,2
PNEUMONIA_408.png,2
PNEUMONIA_409.png,2
PNEUMONIA_41.png,2
PNEUMONIA_410.png,2
PNEUMONIA_411.png,2
PNEUMONIA_412.png,2
PNEUMONIA_413.png,2
PNEUMONIA_414.png,2
PNEUMONIA_415.png,2
PNEUMONIA_416.png,2
PNEUMONIA_417.png,2
PNEUMONIA_418.png,2
PNEUMONIA_419.png,2
PNEUMONIA_42.png,0
PNEUMONIA_420.png,2
PNEUMONIA_421.png,2
PNEUMONIA_422.png,2
PNEUMONIA_423.png,2
PNEUMONIA_424.png,2
PNEUMONIA_425.png,2
PNEUMONIA_426.png,2
PNEUMONIA_427.png,2
PNEUMONIA_428.png,2
PNEUMONIA_429.png,2
PNEUMONIA_43.png,0
PNEUMONIA_430.png,2
PNEUMONIA_431.png,1
PNEUMONIA_432.png,2
PNEUMONIA_433.png,2
PNEUMONIA_434.png,2
PNEUMONIA_435.png,2
PNEUMONIA_436.png,2
PNEUMONIA_437.png,2
PNEUMONIA_438.png,2
PNEUMONIA_439.png,2
PNEUMONIA_44.png,0
PNEUMONIA_440.png,2
PNEUMONIA_441.png,2
PNEUMONIA_442.png,2
PNEUMONIA_443.png,2
PNEUMONIA_444.png,2
PNEUMONIA_445.png,0
PNEUMONIA_446.png,0
PNEUMONIA_447.png,0
PNEUMONIA_448.png,0
PNEUMONIA_449.png,2
PNEUMONIA_45.png,2
PNEUMONIA_450.png,2
PNEUMONIA_451.png,1
PNEUMONIA_452.png,2
PNEUMONIA_453.png,2
PNEUMONIA_454.png,2
PNEUMONIA_455.png,2
PNEUMONIA_456.png,0
PNEUMONIA_457.png,2
PNEUMONIA_458.png,2
PNEUMONIA_459.png,2
PNEUMONIA_46.png,0
PNEUMONIA_460.png,2
PNEUMONIA_461.png,0
PNEUMONIA_462.png,2
PNEUMONIA_463.png,2
PNEUMONIA_464.png,0
PNEUMONIA_465.png,2
PNEUMONIA_466.png,2
PNEUMONIA_467.png,2
PNEUMONIA_468.png,0
PNEUMONIA_469.png,0
PNEUMONIA_47.png,0
PNEUMONIA_470.png,2
PNEUMONIA_471.png,2
PNEUMONIA_472.png,2
PNEUMONIA_473.png,2
PNEUMONIA_474.png,2
PNEUMONIA_475.png,0
PNEUMONIA_476.png,2
PNEUMONIA_477.png,2
PNEUMONIA_478.png,2
PNEUMONIA_479.png,2
PNEUMONIA_48.png,0
PNEUMONIA_480.png,0
PNEUMONIA_481.png,2
PNEUMONIA_482.png,0
PNEUMONIA_483.png,2
PNEUMONIA_484.png,2
PNEUMONIA_485.png,2
PNEUMONIA_486.png,2
PNEUMONIA_487.png,2
PNEUMONIA_488.png,2
PNEUMONIA_489.png,0
PNEUMONIA_49.png,0
PNEUMONIA_490.png,0
PNEUMONIA_491.png,2
PNEUMONIA_492.png,2
PNEUMONIA_493.png,2
PNEUMONIA_494.png,2
PNEUMONIA_495.png,2
PNEUMONIA_496.png,2
PNEUMONIA_497.png,2
PNEUMONIA_498.png,0
PNEUMONIA_499.png,0
PNEUMONIA_5.png,2
PNEUMONIA_50.png,2
PNEUMONIA_500.png,0
PNEUMONIA_501.png,0
PNEUMONIA_502.png,0
PNEUMONIA_503.png,0
PNEUMONIA_504.png,2
PNEUMONIA_505.png,2
PNEUMONIA_506.png,2
PNEUMONIA_507.png,0
PNEUMONIA_508.png,2
PNEUMONIA_509.png,2
PNEUMONIA_51.png,2
PNEUMONIA_510.png,2
PNEUMONIA_511.png,2
PNEUMONIA_512.png,2
PNEUMONIA_513.png,2
PNEUMONIA_514.png,2
PNEUMONIA_515.png,2
PNEUMONIA_516.png,0
PNEUMONIA_517.png,2
PNEUMONIA_518.png,2
PNEUMONIA_519.png,0
PNEUMONIA_52.png,2
PNEUMONIA_520.png,2
PNEUMONIA_521.png,2
PNEUMONIA_522.png,2
PNEUMONIA_523.png,0
PNEUMONIA_524.png,2
PNEUMONIA_525.png,2
PNEUMONIA_526.png,2
PNEUMONIA_527.png,0
PNEUMONIA_528.png,2
PNEUMONIA_529.png,2
PNEUMONIA_53.png,0
PNEUMONIA_530.png,2
PNEUMONIA_531.png,2
PNEUMONIA_532.png,2
PNEUMONIA_533.png,0
PNEUMONIA_534.png,0
PNEUMONIA_535.png,2
PNEUMONIA_536.png,2
PNEUMONIA_537.png,2
PNEUMONIA_538.png,2
PNEUMONIA_539.png,2
PNEUMONIA_54.png,2
PNEUMONIA_540.png,2
PNEUMONIA_541.png,2
PNEUMONIA_542.png,2
PNEUMONIA_543.png,0
PNEUMONIA_544.png,2
PNEUMONIA_545.png,2
PNEUMONIA_546.png,2
PNEUMONIA_547.png,2
PNEUMONIA_548.png,2
PNEUMONIA_549.png,2
PNEUMONIA_55.png,0
PNEUMONIA_550.png,2
PNEUMONIA_551.png,2
PNEUMONIA_552.png,2
PNEUMONIA_553.png,2
PNEUMONIA_554.png,2
PNEUMONIA_555.png,2
PNEUMONIA_556.png,2
PNEUMONIA_557.png,2
PNEUMONIA_558.png,2
PNEUMONIA_559.png,2
PNEUMONIA_56.png,0
PNEUMONIA_560.png,2
PNEUMONIA_561.png,2
PNEUMONIA_562.png,2
PNEUMONIA_563.png,2
PNEUMONIA_564.png,2
PNEUMONIA_565.png,2
PNEUMONIA_566.png,2
PNEUMONIA_567.png,2
PNEUMONIA_568.png,2
PNEUMONIA_569.png,2
PNEUMONIA_57.png,2
PNEUMONIA_570.png,2
PNEUMONIA_571.png,0
PNEUMONIA_572.png,2
PNEUMONIA_573.png,2
PNEUMONIA_574.png,2
PNEUMONIA_575.png,2
PNEUMONIA_576.png,2
PNEUMONIA_577.png,2
PNEUMONIA_578.png,2
PNEUMONIA_579.png,2
PNEUMONIA_58.png,2
PNEUMONIA_580.png,2
PNEUMONIA_581.png,2
PNEUMONIA_582.png,2
PNEUMONIA_583.png,2
PNEUMONIA_584.png,0
PNEUMONIA_585.png,0
PNEUMONIA_586.png,2
PNEUMONIA_587.png,2
PNEUMONIA_588.png,2
PNEUMONIA_589.png,2
PNEUMONIA_59.png,2
PNEUMONIA_590.png,2
PNEUMONIA_591.png,2
PNEUMONIA_592.png,2
PNEUMONIA_593.png,0
PNEUMONIA_594.png,2
PNEUMONIA_595.png,2
PNEUMONIA_596.png,2
PNEUMONIA_597.png,2
PNEUMONIA_598.png,2
PNEUMONIA_599.png,2
PNEUMONIA_6.png,2
PNEUMONIA_60.png,2
PNEUMONIA_600.png,2
PNEUMONIA_601.png,2
PNEUMONIA_602.png,2
PNEUMONIA_603.png,2
PNEUMONIA_604.png,0
PNEUMONIA_605.png,2
PNEUMONIA_606.png,2
PNEUMONIA_607.png,2
PNEUMONIA_608.png,2
PNEUMONIA_609.png,2
PNEUMONIA_61.png,2
PNEUMONIA_610.png,2
PNEUMONIA_611.png,2
PNEUMONIA_612.png,2
PNEUMONIA_613.png,2
PNEUMONIA_614.png,2
PNEUMONIA_615.png,2
PNEUMONIA_616.png,2
PNEUMONIA_617.png,2
PNEUMONIA_618.png,2
PNEUMONIA_619.png,2
PNEUMONIA_62.png,2
PNEUMONIA_620.png,2
PNEUMONIA_621.png,2
PNEUMONIA_622.png,2
PNEUMONIA_623.png,2
PNEUMONIA_624.png,2
PNEUMONIA_625.png,2
PNEUMONIA_626.png,2
PNEUMONIA_627.png,2
PNEUMONIA_628.png,2
PNEUMONIA_629.png,0
PNEUMONIA_63.png,0
PNEUMONIA_630.png,0
PNEUMONIA_631.png,2
PNEUMONIA_632.png,2
PNEUMONIA_633.png,2
PNEUMONIA_634.png,2
PNEUMONIA_635.png,2
PNEUMONIA_636.png,2
PNEUMONIA_637.png,2
PNEUMONIA_638.png,2
PNEUMONIA_639.png,2
PNEUMONIA_64.png,2
PNEUMONIA_640.png,2
PNEUMONIA_641.png,0
PNEUMONIA_642.png,2
PNEUMONIA_643.png,2
PNEUMONIA_644.png,2
PNEUMONIA_645.png,2
PNEUMONIA_646.png,2
PNEUMONIA_647.png,2
PNEUMONIA_648.png,2
PNEUMONIA_649.png,2
PNEUMONIA_65.png,2
PNEUMONIA_650.png,2
PNEUMONIA_651.png,2
PNEUMONIA_652.png,2
PNEUMONIA_653.png,2
PNEUMONIA_654.png,2
PNEUMONIA_655.png,2
PNEUMONIA_656.png,2
PNEUMONIA_657.png,2
PNEUMONIA_658.png,2
PNEUMONIA_659.png,2
PNEUMONIA_66.png,2
PNEUMONIA_660.png,2
PNEUMONIA_661.png,2
PNEUMONIA_662.png,0
PNEUMONIA_663.png,2
PNEUMONIA_664.png,2
PNEUMONIA_665.png,2
PNEUMONIA_666.png,2
PNEUMONIA_667.png,2
PNEUMONIA_668.png,2
PNEUMONIA_669.png,0
PNEUMONIA_67.png,2
PNEUMONIA_670.png,2
PNEUMONIA_671.png,0
PNEUMONIA_672.png,2
PNEUMONIA_673.png,2
PNEUMONIA_674.png,2
PNEUMONIA_675.png,2
PNEUMONIA_676.png,2
PNEUMONIA_677.png,2
PNEUMONIA_678.png,2
PNEUMONIA_679.png,2
PNEUMONIA_68.png,2
PNEUMONIA_680.png,2
PNEUMONIA_681.png,2
PNEUMONIA_682.png,2
PNEUMONIA_683.png,2
PNEUMONIA_684.png,2
PNEUMONIA_685.png,2
PNEUMONIA_686.png,2
PNEUMONIA_687.png,2
PNEUMONIA_688.png,2
PNEUMONIA_689.png,2
PNEUMONIA_69.png,2
PNEUMONIA_690.png,2
PNEUMONIA_691.png,2
PNEUMONIA_692.png,2
PNEUMONIA_693.png,2
PNEUMONIA_694.png,2
PNEUMONIA_695.png,2
PNEUMONIA_696.png,2
PNEUMONIA_697.png,2
PNEUMONIA_698.png,2
PNEUMONIA_699.png,2
PNEUMONIA_7.png,2
PNEUMONIA_70.png,2
PNEUMONIA_700.png,2
PNEUMONIA_701.png,2
PNEUMONIA_702.png,2
PNEUMONIA_703.png,2
PNEUMONIA_704.png,2
PNEUMONIA_705.png,2
PNEUMONIA_706.png,2
PNEUMONIA_707.png,0
PNEUMONIA_708.png,2
PNEUMONIA_709.png,2
PNEUMONIA_71.png,0
PNEUMONIA_710.png,2
PNEUMONIA_711.png,2
PNEUMONIA_712.png,2
PNEUMONIA_713.png,0
PNEUMONIA_714.png,2
PNEUMONIA_715.png,2
PNEUMONIA_716.png,2
PNEUMONIA_717.png,2
PNEUMONIA_718.png,2
PNEUMONIA_719.png,2
PNEUMONIA_72.png,2
PNEUMONIA_720.png,2
PNEUMONIA_721.png,2
PNEUMONIA_722.png,2
PNEUMONIA_723.png,2
PNEUMONIA_724.png,2
PNEUMONIA_725.png,2
PNEUMONIA_726.png,2
PNEUMONIA_727.png,2
PNEUMONIA_728.png,2
PNEUMONIA_729.png,2
PNEUMONIA_73.png,2
PNEUMONIA_730.png,2
PNEUMONIA_731.png,2
PNEUMONIA_732.png,0
PNEUMONIA_733.png,2
PNEUMONIA_734.png,2
PNEUMONIA_735.png,0
PNEUMONIA_736.png,0
PNEUMONIA_737.png,0
PNEUMONIA_738.png,2
PNEUMONIA_739.png,2
PNEUMONIA_74.png,2
PNEUMONIA_740.png,2
PNEUMONIA_741.png,0
PNEUMONIA_742.png,0
PNEUMONIA_743.png,2
PNEUMONIA_744.png,2
PNEUMONIA_745.png,2
PNEUMONIA_746.png,2
PNEUMONIA_747.png,2
PNEUMONIA_748.png,2
PNEUMONIA_749.png,2
PNEUMONIA_75.png,2
PNEUMONIA_750.png,0
PNEUMONIA_751.png,0
PNEUMONIA_752.png,0
PNEUMONIA_753.png,2
PNEUMONIA_754.png,2
PNEUMONIA_755.png,0
PNEUMONIA_756.png,0
PNEUMONIA_757.png,2
PNEUMONIA_758.png,0
PNEUMONIA_759.png,2
PNEUMONIA_76.png,2
PNEUMONIA_760.png,0
PNEUMONIA_761.png,2
PNEUMONIA_762.png,0
PNEUMONIA_763.png,2
PNEUMONIA_764.png,2
PNEUMONIA_765.png,2
PNEUMONIA_766.png,2
PNEUMONIA_767.png,2
PNEUMONIA_768.png,2
PNEUMONIA_769.png,0
PNEUMONIA_77.png,2
PNEUMONIA_770.png,2
PNEUMONIA_771.png,2
PNEUMONIA_772.png,2
PNEUMONIA_773.png,2
PNEUMONIA_774.png,2
PNEUMONIA_775.png,2
PNEUMONIA_776.png,2
PNEUMONIA_777.png,2
PNEUMONIA_778.png,2
PNEUMONIA_779.png,2
PNEUMONIA_78.png,2
PNEUMONIA_780.png,2
PNEUMONIA_781.png,2
PNEUMONIA_782.png,2
PNEUMONIA_783.png,2
PNEUMONIA_784.png,2
PNEUMONIA_785.png,2
PNEUMONIA_786.png,2
PNEUMONIA_787.png,2
PNEUMONIA_788.png,0
PNEUMONIA_789.png,2
PNEUMONIA_79.png,2
PNEUMONIA_790.png,2
PNEUMONIA_791.png,2
PNEUMONIA_792.png,2
PNEUMONIA_793.png,2
PNEUMONIA_794.png,2
PNEUMONIA_795.png,2
PNEUMONIA_796.png,2
PNEUMONIA_797.png,2
PNEUMONIA_798.png,0
PNEUMONIA_799.png,0
PNEUMONIA_8.png,2
PNEUMONIA_80.png,2
PNEUMONIA_800.png,2
PNEUMONIA_801.png,2
PNEUMONIA_802.png,2
PNEUMONIA_803.png,0
PNEUMONIA_804.png,2
PNEUMONIA_805.png,0
PNEUMONIA_806.png,0
PNEUMONIA_807.png,2
PNEUMONIA_808.png,2
PNEUMONIA_809.png,2
PNEUMONIA_81.png,2
PNEUMONIA_810.png,2
PNEUMONIA_811.png,0
PNEUMONIA_812.png,2
PNEUMONIA_813.png,2
PNEUMONIA_814.png,0
PNEUMONIA_815.png,2
PNEUMONIA_816.png,2
PNEUMONIA_817.png,2
PNEUMONIA_818.png,0
PNEUMONIA_819.png,2
PNEUMONIA_82.png,2
PNEUMONIA_820.png,1
PNEUMONIA_821.png,0
PNEUMONIA_822.png,2
PNEUMONIA_823.png,2
PNEUMONIA_824.png,0
PNEUMONIA_825.png,2
PNEUMONIA_826.png,2
PNEUMONIA_827.png,2
PNEUMONIA_828.png,2
PNEUMONIA_829.png,0
PNEUMONIA_83.png,2
PNEUMONIA_830.png,2
PNEUMONIA_831.png,2
PNEUMONIA_832.png,2
PNEUMONIA_833.png,2
PNEUMONIA_834.png,0
PNEUMONIA_835.png,2
PNEUMONIA_836.png,2
PNEUMONIA_837.png,0
PNEUMONIA_838.png,2
PNEUMONIA_839.png,2
PNEUMONIA_84.png,2
PNEUMONIA_840.png,2
PNEUMONIA_841.png,2
PNEUMONIA_842.png,2
PNEUMONIA_843.png,2
PNEUMONIA_844.png,2
PNEUMONIA_845.png,2
PNEUMONIA_846.png,2
PNEUMONIA_847.png,2
PNEUMONIA_848.png,2
PNEUMONIA_849.png,2
PNEUMONIA_85.png,2
PNEUMONIA_850.png,2
PNEUMONIA_851.png,2
PNEUMONIA_852.png,2
PNEUMONIA_853.png,2
PNEUMONIA_854.png,2
PNEUMONIA_855.png,2
PNEUMONIA_856.png,2
PNEUMONIA_857.png,2
PNEUMONIA_858.png,2
PNEUMONIA_859.png,2
PNEUMONIA_86.png,2
PNEUMONIA_860.png,2
PNEUMONIA_861.png,2
PNEUMONIA_862.png,2
PNEUMONIA_863.png,2
PNEUMONIA_864.png,2
PNEUMONIA_865.png,0
PNEUMONIA_866.png,2
PNEUMONIA_867.png,2
PNEUMONIA_868.png,2
PNEUMONIA_869.png,2
PNEUMONIA_87.png,2
PNEUMONIA_870.png,2
PNEUMONIA_871.png,2
PNEUMONIA_872.png,2
PNEUMONIA_873.png,2
PNEUMONIA_874.png,2
PNEUMONIA_875.png,2
PNEUMONIA_876.png,2
PNEUMONIA_877.png,2
PNEUMONIA_878.png,2
PNEUMONIA_879.png,2
PNEUMONIA_88.png,2
PNEUMONIA_880.png,2
PNEUMONIA_881.png,2
PNEUMONIA_882.png,2
PNEUMONIA_883.png,2
PNEUMONIA_884.png,2
PNEUMONIA_885.png,2
PNEUMONIA_886.png,2
PNEUMONIA_887.png,2
PNEUMONIA_888.png,2
PNEUMONIA_889.png,2
PNEUMONIA_89.png,2
PNEUMONIA_890.png,2
PNEUMONIA_891.png,2
PNEUMONIA_892.png,2
PNEUMONIA_893.png,2
PNEUMONIA_894.png,2
PNEUMONIA_895.png,2
PNEUMONIA_896.png,2
PNEUMONIA_897.png,2
PNEUMONIA_898.png,2
PNEUMONIA_899.png,2
PNEUMONIA_9.png,0
PNEUMONIA_90.png,2
PNEUMONIA_900.png,2
PNEUMONIA_901.png,2
PNEUMONIA_902.png,2
PNEUMONIA_903.png,2
PNEUMONIA_904.png,2
PNEUMONIA_905.png,2
PNEUMONIA_906.png,2
PNEUMONIA_907.png,2
PNEUMONIA_908.png,2
PNEUMONIA_909.png,2
PNEUMONIA_91.png,2
PNEUMONIA_910.png,2
PNEUMONIA_911.png,2
PNEUMONIA_912.png,2
PNEUMONIA_913.png,2
PNEUMONIA_914.png,2
PNEUMONIA_915.png,2
PNEUMONIA_916.png,2
PNEUMONIA_917.png,2
PNEUMONIA_918.png,2
PNEUMONIA_919.png,2
PNEUMONIA_92.png,2
PNEUMONIA_920.png,2
PNEUMONIA_921.png,2
PNEUMONIA_922.png,2
PNEUMONIA_923.png,2
PNEUMONIA_924.png,2
PNEUMONIA_925.png,2
PNEUMONIA_926.png,2
PNEUMONIA_927.png,2
PNEUMONIA_928.png,2
PNEUMONIA_929.png,2
PNEUMONIA_93.png,2
PNEUMONIA_930.png,2
PNEUMONIA_931.png,2
PNEUMONIA_932.png,0
PNEUMONIA_933.png,2
PNEUMONIA_934.png,2
PNEUMONIA_935.png,2
PNEUMONIA_936.png,0
PNEUMONIA_937.png,2
PNEUMONIA_938.png,2
PNEUMONIA_939.png,2
PNEUMONIA_94.png,2
PNEUMONIA_940.png,2
PNEUMONIA_941.png,2
PNEUMONIA_942.png,0
PNEUMONIA_943.png,2
PNEUMONIA_944.png,2
PNEUMONIA_945.png,2
PNEUMONIA_946.png,0
PNEUMONIA_947.png,2
PNEUMONIA_948.png,2
PNEUMONIA_949.png,2
PNEUMONIA_95.png,2
PNEUMONIA_950.png,2
PNEUMONIA_951.png,2
PNEUMONIA_952.png,2
PNEUMONIA_953.png,2
PNEUMONIA_954.png,2
PNEUMONIA_955.png,2
PNEUMONIA_956.png,2
PNEUMONIA_957.png,2
PNEUMONIA_958.png,2
PNEUMONIA_959.png,2
PNEUMONIA_96.png,2
PNEUMONIA_960.png,2
PNEUMONIA_961.png,2
PNEUMONIA_962.png,2
PNEUMONIA_963.png,2
PNEUMONIA_964.png,2
PNEUMONIA_965.png,2
PNEUMONIA_966.png,2
PNEUMONIA_967.png,0
PNEUMONIA_968.png,2
PNEUMONIA_969.png,2
PNEUMONIA_97.png,2
PNEUMONIA_970.png,2
PNEUMONIA_971.png,2
PNEUMONIA_972.png,2
PNEUMONIA_973.png,2
PNEUMONIA_974.png,2
PNEUMONIA_975.png,2
PNEUMONIA_976.png,2
PNEUMONIA_977.png,2
PNEUMONIA_978.png,0
PNEUMONIA_979.png,2
PNEUMONIA_98.png,0
PNEUMONIA_980.png,2
PNEUMONIA_981.png,2
PNEUMONIA_982.png,2
PNEUMONIA_983.png,2
PNEUMONIA_984.png,2
PNEUMONIA_985.png,2
PNEUMONIA_986.png,2
PNEUMONIA_987.png,2
PNEUMONIA_988.png,2
PNEUMONIA_989.png,2
PNEUMONIA_99.png,2
PNEUMONIA_990.png,2
PNEUMONIA_991.png,2
PNEUMONIA_992.png,2
PNEUMONIA_993.png,2
PNEUMONIA_994.png,2
PNEUMONIA_995.png,2
PNEUMONIA_996.png,2
PNEUMONIA_997.png,2
PNEUMONIA_998.png,2
PNEUMONIA_999.png,2
